image,detected_count,possible_gap_count,output
C:\Users\172634\projects\Pipe Counter New\pipe-datasets\1_firts_train.v2-v2.coco\test\004ea0f3dc3_jpg.rf.6beb15a2d43025b6634b38f7e63ab1c5.jpg,0,0,C:\Users\172634\projects\Pipe Counter New\pipe-center-counter-poc\runs\field_predictions\0000_004ea0f3dc3_jpg.rf.6beb15a2d43025b6634b38f7e63ab1c5_count_0.jpg
C:\Users\172634\projects\Pipe Counter New\pipe-datasets\1_firts_train.v2-v2.coco\test\01_2_png_jpg.rf.0990f3743889e73f1a5cd44c776213c7.jpg,9,0,C:\Users\172634\projects\Pipe Counter New\pipe-center-counter-poc\runs\field_predictions\0001_01_2_png_jpg.rf.0990f3743889e73f1a5cd44c776213c7_count_9.jpg
C:\Users\172634\projects\Pipe Counter New\pipe-datasets\1_firts_train.v2-v2.coco\test\06_21-03-59-2-_jpg.rf.1e4850503911c7f4a3893edc87538be9.jpg,16,0,C:\Users\172634\projects\Pipe Counter New\pipe-center-counter-poc\runs\field_predictions\0002_06_21-03-59-2-_jpg.rf.1e4850503911c7f4a3893edc87538be9_count_16.jpg
C:\Users\172634\projects\Pipe Counter New\pipe-datasets\1_firts_train.v2-v2.coco\test\108_jpeg.rf.6c7e8ba3843fdd473d9ede94ceb706c5.jpg,179,76,C:\Users\172634\projects\Pipe Counter New\pipe-center-counter-poc\runs\field_predictions\0003_108_jpeg.rf.6c7e8ba3843fdd473d9ede94ceb706c5_count_179.jpg
C:\Users\172634\projects\Pipe Counter New\pipe-datasets\1_firts_train.v2-v2.coco\test\1094_jpg.rf.ea9b51c75fa96516c5ee8745e296bfbe.jpg,34,10,C:\Users\172634\projects\Pipe Counter New\pipe-center-counter-poc\runs\field_predictions\0004_1094_jpg.rf.ea9b51c75fa96516c5ee8745e296bfbe_count_34.jpg
C:\Users\172634\projects\Pipe Counter New\pipe-datasets\1_firts_train.v2-v2.coco\test\116_jpeg_jpg.rf.1cf18ffd0fe4916f0d1f7260a2f86040.jpg,39,0,C:\Users\172634\projects\Pipe Counter New\pipe-center-counter-poc\runs\field_predictions\0005_116_jpeg_jpg.rf.1cf18ffd0fe4916f0d1f7260a2f86040_count_39.jpg
C:\Users\172634\projects\Pipe Counter New\pipe-datasets\1_firts_train.v2-v2.coco\test\117_jpeg.rf.a0e9d72358b6200221cb03a5ee89054f.jpg,119,19,C:\Users\172634\projects\Pipe Counter New\pipe-center-counter-poc\runs\field_predictions\0006_117_jpeg.rf.a0e9d72358b6200221cb03a5ee89054f_count_119.jpg
C:\Users\172634\projects\Pipe Counter New\pipe-datasets\1_firts_train.v2-v2.coco\test\1196598634ea0fa8bbd63a9611ecb31e_jpg.rf.b329dd075b0f0e17904ae675f6d37f2f.jpg,108,60,C:\Users\172634\projects\Pipe Counter New\pipe-center-counter-poc\runs\field_predictions\0007_1196598634ea0fa8bbd63a9611ecb31e_jpg.rf.b329dd075b0f0e17904ae675f6d37f2f_count_108.jpg
C:\Users\172634\projects\Pipe Counter New\pipe-datasets\1_firts_train.v2-v2.coco\test\120_jpeg.rf.9f29118359d619e7159e145936d59d7f.jpg,37,0,C:\Users\172634\projects\Pipe Counter New\pipe-center-counter-poc\runs\field_predictions\0008_120_jpeg.rf.9f29118359d619e7159e145936d59d7f_count_37.jpg
C:\Users\172634\projects\Pipe Counter New\pipe-datasets\1_firts_train.v2-v2.coco\test\120_jpg.rf.b81eb679d7b977e767b1be44e80380b0.jpg,111,49,C:\Users\172634\projects\Pipe Counter New\pipe-center-counter-poc\runs\field_predictions\0009_120_jpg.rf.b81eb679d7b977e767b1be44e80380b0_count_111.jpg
C:\Users\172634\projects\Pipe Counter New\pipe-datasets\1_firts_train.v2-v2.coco\test\126_jpeg.rf.6c2863bb5776348991fba408fe507e37.jpg,102,3,C:\Users\172634\projects\Pipe Counter New\pipe-center-counter-poc\runs\field_predictions\0010_126_jpeg.rf.6c2863bb5776348991fba408fe507e37_count_102.jpg
C:\Users\172634\projects\Pipe Counter New\pipe-datasets\1_firts_train.v2-v2.coco\test\127_jpeg.rf.745cf052223f2bdc513cd05bae182476.jpg,167,51,C:\Users\172634\projects\Pipe Counter New\pipe-center-counter-poc\runs\field_predictions\0011_127_jpeg.rf.745cf052223f2bdc513cd05bae182476_count_167.jpg
C:\Users\172634\projects\Pipe Counter New\pipe-datasets\1_firts_train.v2-v2.coco\test\127_jpg.rf.ca39cc50868c3a2ee5f673525d962531.jpg,7,0,C:\Users\172634\projects\Pipe Counter New\pipe-center-counter-poc\runs\field_predictions\0012_127_jpg.rf.ca39cc50868c3a2ee5f673525d962531_count_7.jpg
C:\Users\172634\projects\Pipe Counter New\pipe-datasets\1_firts_train.v2-v2.coco\test\12_jpg.rf.83ccb12733f1e82288c732cc06dfb949.jpg,11,2,C:\Users\172634\projects\Pipe Counter New\pipe-center-counter-poc\runs\field_predictions\0013_12_jpg.rf.83ccb12733f1e82288c732cc06dfb949_count_11.jpg
C:\Users\172634\projects\Pipe Counter New\pipe-datasets\1_firts_train.v2-v2.coco\test\135_jpg.rf.c5fdb1ca13fd832e1a42ab018e1a412c.jpg,8,0,C:\Users\172634\projects\Pipe Counter New\pipe-center-counter-poc\runs\field_predictions\0014_135_jpg.rf.c5fdb1ca13fd832e1a42ab018e1a412c_count_8.jpg
C:\Users\172634\projects\Pipe Counter New\pipe-datasets\1_firts_train.v2-v2.coco\test\142_jpeg_jpg.rf.4fd1ed46966bdad0a8de080ecb24205f.jpg,93,10,C:\Users\172634\projects\Pipe Counter New\pipe-center-counter-poc\runs\field_predictions\0015_142_jpeg_jpg.rf.4fd1ed46966bdad0a8de080ecb24205f_count_93.jpg
C:\Users\172634\projects\Pipe Counter New\pipe-datasets\1_firts_train.v2-v2.coco\test\144_jpeg.rf.f417cc9759fa5d16111d2a3496756c3e.jpg,390,103,C:\Users\172634\projects\Pipe Counter New\pipe-center-counter-poc\runs\field_predictions\0016_144_jpeg.rf.f417cc9759fa5d16111d2a3496756c3e_count_390.jpg
C:\Users\172634\projects\Pipe Counter New\pipe-datasets\1_firts_train.v2-v2.coco\test\14_jpg.rf.ee456aaa0f491bdfa349186a4d8bbba2.jpg,67,4,C:\Users\172634\projects\Pipe Counter New\pipe-center-counter-poc\runs\field_predictions\0017_14_jpg.rf.ee456aaa0f491bdfa349186a4d8bbba2_count_67.jpg
C:\Users\172634\projects\Pipe Counter New\pipe-datasets\1_firts_train.v2-v2.coco\test\156_jpeg.rf.b7b8fde6770ce8445a2c5c120de80559.jpg,109,17,C:\Users\172634\projects\Pipe Counter New\pipe-center-counter-poc\runs\field_predictions\0018_156_jpeg.rf.b7b8fde6770ce8445a2c5c120de80559_count_109.jpg
C:\Users\172634\projects\Pipe Counter New\pipe-datasets\1_firts_train.v2-v2.coco\test\158_jpeg.rf.518d7fcdd61eeaeeb97952a9c3adf342.jpg,174,93,C:\Users\172634\projects\Pipe Counter New\pipe-center-counter-poc\runs\field_predictions\0019_158_jpeg.rf.518d7fcdd61eeaeeb97952a9c3adf342_count_174.jpg
C:\Users\172634\projects\Pipe Counter New\pipe-datasets\1_firts_train.v2-v2.coco\test\163_jpeg.rf.40c5c450478f7c54d91f022916f60eee.jpg,235,15,C:\Users\172634\projects\Pipe Counter New\pipe-center-counter-poc\runs\field_predictions\0020_163_jpeg.rf.40c5c450478f7c54d91f022916f60eee_count_235.jpg
C:\Users\172634\projects\Pipe Counter New\pipe-datasets\1_firts_train.v2-v2.coco\test\1658212406133_jpg.rf.9231e1c8fb5f7811a3c7521e8a817b3c.jpg,84,6,C:\Users\172634\projects\Pipe Counter New\pipe-center-counter-poc\runs\field_predictions\0021_1658212406133_jpg.rf.9231e1c8fb5f7811a3c7521e8a817b3c_count_84.jpg
C:\Users\172634\projects\Pipe Counter New\pipe-datasets\1_firts_train.v2-v2.coco\test\1658213895921_jpg.rf.78b56f60055282e10d4718805a8109a0.jpg,41,0,C:\Users\172634\projects\Pipe Counter New\pipe-center-counter-poc\runs\field_predictions\0022_1658213895921_jpg.rf.78b56f60055282e10d4718805a8109a0_count_41.jpg
C:\Users\172634\projects\Pipe Counter New\pipe-datasets\1_firts_train.v2-v2.coco\test\1658214794401_jpg.rf.c27f3b4f4bb1af5ad245cd3994653383.jpg,44,1,C:\Users\172634\projects\Pipe Counter New\pipe-center-counter-poc\runs\field_predictions\0023_1658214794401_jpg.rf.c27f3b4f4bb1af5ad245cd3994653383_count_44.jpg
C:\Users\172634\projects\Pipe Counter New\pipe-datasets\1_firts_train.v2-v2.coco\test\1658214885714_jpg.rf.ce1e8e54f8186468836dbc0eafa63886.jpg,84,21,C:\Users\172634\projects\Pipe Counter New\pipe-center-counter-poc\runs\field_predictions\0024_1658214885714_jpg.rf.ce1e8e54f8186468836dbc0eafa63886_count_84.jpg
C:\Users\172634\projects\Pipe Counter New\pipe-datasets\1_firts_train.v2-v2.coco\test\1667458386835_jpg.rf.b29e9404e3b05616392512bdf25479fe.jpg,100,0,C:\Users\172634\projects\Pipe Counter New\pipe-center-counter-poc\runs\field_predictions\0025_1667458386835_jpg.rf.b29e9404e3b05616392512bdf25479fe_count_100.jpg
C:\Users\172634\projects\Pipe Counter New\pipe-datasets\1_firts_train.v2-v2.coco\test\1667458387225_jpg.rf.91f9629fb45b3fe08d2db625446a65f7.jpg,159,5,C:\Users\172634\projects\Pipe Counter New\pipe-center-counter-poc\runs\field_predictions\0026_1667458387225_jpg.rf.91f9629fb45b3fe08d2db625446a65f7_count_159.jpg
C:\Users\172634\projects\Pipe Counter New\pipe-datasets\1_firts_train.v2-v2.coco\test\1667458387498_jpg.rf.d811c2b4d44e213f309976110f58793d.jpg,86,2,C:\Users\172634\projects\Pipe Counter New\pipe-center-counter-poc\runs\field_predictions\0027_1667458387498_jpg.rf.d811c2b4d44e213f309976110f58793d_count_86.jpg
C:\Users\172634\projects\Pipe Counter New\pipe-datasets\1_firts_train.v2-v2.coco\test\1668677533389_jpg.rf.7ab8dfb7db7f13aed48d0fbaaf369d4e.jpg,62,5,C:\Users\172634\projects\Pipe Counter New\pipe-center-counter-poc\runs\field_predictions\0028_1668677533389_jpg.rf.7ab8dfb7db7f13aed48d0fbaaf369d4e_count_62.jpg
C:\Users\172634\projects\Pipe Counter New\pipe-datasets\1_firts_train.v2-v2.coco\test\1668677533389_jpg.rf.bdb81b3bb4012f4e8208deb4791e386f.jpg,61,6,C:\Users\172634\projects\Pipe Counter New\pipe-center-counter-poc\runs\field_predictions\0029_1668677533389_jpg.rf.bdb81b3bb4012f4e8208deb4791e386f_count_61.jpg
C:\Users\172634\projects\Pipe Counter New\pipe-datasets\1_firts_train.v2-v2.coco\test\1688028854_jpg.rf.761ca8e09d4d064ab985906aed57388e.jpg,104,8,C:\Users\172634\projects\Pipe Counter New\pipe-center-counter-poc\runs\field_predictions\0030_1688028854_jpg.rf.761ca8e09d4d064ab985906aed57388e_count_104.jpg
C:\Users\172634\projects\Pipe Counter New\pipe-datasets\1_firts_train.v2-v2.coco\test\1688029040_jpg.rf.4a5a92da3cbd7f0e4f112129d0f7741a.jpg,51,11,C:\Users\172634\projects\Pipe Counter New\pipe-center-counter-poc\runs\field_predictions\0031_1688029040_jpg.rf.4a5a92da3cbd7f0e4f112129d0f7741a_count_51.jpg
C:\Users\172634\projects\Pipe Counter New\pipe-datasets\1_firts_train.v2-v2.coco\test\1688079607_jpg.rf.427527a70ab837b0dd8e27d4c0f9eba9.jpg,100,18,C:\Users\172634\projects\Pipe Counter New\pipe-center-counter-poc\runs\field_predictions\0032_1688079607_jpg.rf.427527a70ab837b0dd8e27d4c0f9eba9_count_100.jpg
C:\Users\172634\projects\Pipe Counter New\pipe-datasets\1_firts_train.v2-v2.coco\test\1688080036_jpg.rf.e60a763809ab77e4e6ef6f63f01faefb.jpg,102,7,C:\Users\172634\projects\Pipe Counter New\pipe-center-counter-poc\runs\field_predictions\0033_1688080036_jpg.rf.e60a763809ab77e4e6ef6f63f01faefb_count_102.jpg
C:\Users\172634\projects\Pipe Counter New\pipe-datasets\1_firts_train.v2-v2.coco\test\16_jpeg_jpg.rf.05ccaa026fa769c16be20029138526b0.jpg,99,7,C:\Users\172634\projects\Pipe Counter New\pipe-center-counter-poc\runs\field_predictions\0034_16_jpeg_jpg.rf.05ccaa026fa769c16be20029138526b0_count_99.jpg
C:\Users\172634\projects\Pipe Counter New\pipe-datasets\1_firts_train.v2-v2.coco\test\16_jpg.rf.399d03f12bda38f492edad98af989578.jpg,48,2,C:\Users\172634\projects\Pipe Counter New\pipe-center-counter-poc\runs\field_predictions\0035_16_jpg.rf.399d03f12bda38f492edad98af989578_count_48.jpg
C:\Users\172634\projects\Pipe Counter New\pipe-datasets\1_firts_train.v2-v2.coco\test\182_jpeg.rf.fb2c3fa7c5161189fda05702de2a18ad.jpg,94,16,C:\Users\172634\projects\Pipe Counter New\pipe-center-counter-poc\runs\field_predictions\0036_182_jpeg.rf.fb2c3fa7c5161189fda05702de2a18ad_count_94.jpg
C:\Users\172634\projects\Pipe Counter New\pipe-datasets\1_firts_train.v2-v2.coco\test\184_jpeg.rf.8a6efa5b29ec207991315439d964e4f7.jpg,83,16,C:\Users\172634\projects\Pipe Counter New\pipe-center-counter-poc\runs\field_predictions\0037_184_jpeg.rf.8a6efa5b29ec207991315439d964e4f7_count_83.jpg
C:\Users\172634\projects\Pipe Counter New\pipe-datasets\1_firts_train.v2-v2.coco\test\201801291639303814891_jpeg_jpg.rf.65d463844261908141f2f79a5fda6b4c.jpg,65,13,C:\Users\172634\projects\Pipe Counter New\pipe-center-counter-poc\runs\field_predictions\0038_201801291639303814891_jpeg_jpg.rf.65d463844261908141f2f79a5fda6b4c_count_65.jpg
C:\Users\172634\projects\Pipe Counter New\pipe-datasets\1_firts_train.v2-v2.coco\test\2019_10_STZ_Stan_168_530_rossiysko_grecheskoe_predpriyatiya_TMK_KPV_jpg.rf.1ccf6f3cf067cba96ff2f9fd5b5f8581.jpg,33,0,C:\Users\172634\projects\Pipe Counter New\pipe-center-counter-poc\runs\field_predictions\0039_2019_10_STZ_Stan_168_530_rossiysko_grecheskoe_predpriyatiya_TMK_KPV_jpg.rf.1ccf6f3cf067cba96ff2f9fd5b5f8581_count_33.jpg
C:\Users\172634\projects\Pipe Counter New\pipe-datasets\1_firts_train.v2-v2.coco\test\2022_10_03_11_18_IMG_0747_JPG_jpg.rf.661019e721c4e78c7c1002f39c98b169.jpg,50,0,C:\Users\172634\projects\Pipe Counter New\pipe-center-counter-poc\runs\field_predictions\0040_2022_10_03_11_18_IMG_0747_JPG_jpg.rf.661019e721c4e78c7c1002f39c98b169_count_50.jpg
C:\Users\172634\projects\Pipe Counter New\pipe-datasets\1_firts_train.v2-v2.coco\test\2022_10_03_11_24_IMG_1438_JPG_jpg.rf.08bb9ad14ab01014bcbb539d44b7872a.jpg,44,8,C:\Users\172634\projects\Pipe Counter New\pipe-center-counter-poc\runs\field_predictions\0041_2022_10_03_11_24_IMG_1438_JPG_jpg.rf.08bb9ad14ab01014bcbb539d44b7872a_count_44.jpg
C:\Users\172634\projects\Pipe Counter New\pipe-datasets\1_firts_train.v2-v2.coco\test\2022_10_03_13_13_IMG_7836-Copy_JPG_jpg.rf.04bbdc098cd95a217faaf380438f991b.jpg,72,7,C:\Users\172634\projects\Pipe Counter New\pipe-center-counter-poc\runs\field_predictions\0042_2022_10_03_13_13_IMG_7836-Copy_JPG_jpg.rf.04bbdc098cd95a217faaf380438f991b_count_72.jpg
C:\Users\172634\projects\Pipe Counter New\pipe-datasets\1_firts_train.v2-v2.coco\test\2022_10_03_13_14_IMG_8285_JPG_jpg.rf.8ec3a3fbb654cbd66b38c5fc237489b9.jpg,52,5,C:\Users\172634\projects\Pipe Counter New\pipe-center-counter-poc\runs\field_predictions\0043_2022_10_03_13_14_IMG_8285_JPG_jpg.rf.8ec3a3fbb654cbd66b38c5fc237489b9_count_52.jpg
C:\Users\172634\projects\Pipe Counter New\pipe-datasets\1_firts_train.v2-v2.coco\test\2022_10_03_13_15_IMG_8488_JPG_jpg.rf.b1df90f123730b321be723e8f11d9e36.jpg,41,27,C:\Users\172634\projects\Pipe Counter New\pipe-center-counter-poc\runs\field_predictions\0044_2022_10_03_13_15_IMG_8488_JPG_jpg.rf.b1df90f123730b321be723e8f11d9e36_count_41.jpg
C:\Users\172634\projects\Pipe Counter New\pipe-datasets\1_firts_train.v2-v2.coco\test\2022_10_05_11_28_IMG_3756_JPG_jpg.rf.ed01098f077c358643d104552fb25482.jpg,61,5,C:\Users\172634\projects\Pipe Counter New\pipe-center-counter-poc\runs\field_predictions\0045_2022_10_05_11_28_IMG_3756_JPG_jpg.rf.ed01098f077c358643d104552fb25482_count_61.jpg
C:\Users\172634\projects\Pipe Counter New\pipe-datasets\1_firts_train.v2-v2.coco\test\2022_10_05_11_28_IMG_3916_JPG_jpg.rf.4b72fc1c54948e9f6c082c2fe0095435.jpg,76,13,C:\Users\172634\projects\Pipe Counter New\pipe-center-counter-poc\runs\field_predictions\0046_2022_10_05_11_28_IMG_3916_JPG_jpg.rf.4b72fc1c54948e9f6c082c2fe0095435_count_76.jpg
C:\Users\172634\projects\Pipe Counter New\pipe-datasets\1_firts_train.v2-v2.coco\test\2022_10_05_11_28_IMG_3944_JPG_jpg.rf.697d1f6f9cc2a7a7f0e7631efaa380a0.jpg,75,17,C:\Users\172634\projects\Pipe Counter New\pipe-center-counter-poc\runs\field_predictions\0047_2022_10_05_11_28_IMG_3944_JPG_jpg.rf.697d1f6f9cc2a7a7f0e7631efaa380a0_count_75.jpg
C:\Users\172634\projects\Pipe Counter New\pipe-datasets\1_firts_train.v2-v2.coco\test\2022_10_05_11_28_IMG_4026_JPG_jpg.rf.ecba2311c6837945b8b5c850ed60d21a.jpg,64,22,C:\Users\172634\projects\Pipe Counter New\pipe-center-counter-poc\runs\field_predictions\0048_2022_10_05_11_28_IMG_4026_JPG_jpg.rf.ecba2311c6837945b8b5c850ed60d21a_count_64.jpg
C:\Users\172634\projects\Pipe Counter New\pipe-datasets\1_firts_train.v2-v2.coco\test\2022_10_05_11_30_IMG_4067_JPG_jpg.rf.5b96ca7e8bce3150991dff3fd9b960ff.jpg,50,0,C:\Users\172634\projects\Pipe Counter New\pipe-center-counter-poc\runs\field_predictions\0049_2022_10_05_11_30_IMG_4067_JPG_jpg.rf.5b96ca7e8bce3150991dff3fd9b960ff_count_50.jpg
C:\Users\172634\projects\Pipe Counter New\pipe-datasets\1_firts_train.v2-v2.coco\test\2022_10_05_11_30_IMG_4083_JPG_jpg.rf.2eaea26a0398e307b0548e0ca1bf9e99.jpg,50,0,C:\Users\172634\projects\Pipe Counter New\pipe-center-counter-poc\runs\field_predictions\0050_2022_10_05_11_30_IMG_4083_JPG_jpg.rf.2eaea26a0398e307b0548e0ca1bf9e99_count_50.jpg
C:\Users\172634\projects\Pipe Counter New\pipe-datasets\1_firts_train.v2-v2.coco\test\2022_10_05_11_30_IMG_4095_JPG_jpg.rf.0e749728aca2262ae77d1f0200876570.jpg,50,0,C:\Users\172634\projects\Pipe Counter New\pipe-center-counter-poc\runs\field_predictions\0051_2022_10_05_11_30_IMG_4095_JPG_jpg.rf.0e749728aca2262ae77d1f0200876570_count_50.jpg
C:\Users\172634\projects\Pipe Counter New\pipe-datasets\1_firts_train.v2-v2.coco\test\2022_10_05_11_30_IMG_4095_JPG_jpg.rf.36c079c6dd2877fe67a07bd69e8cc4ff.jpg,50,0,C:\Users\172634\projects\Pipe Counter New\pipe-center-counter-poc\runs\field_predictions\0052_2022_10_05_11_30_IMG_4095_JPG_jpg.rf.36c079c6dd2877fe67a07bd69e8cc4ff_count_50.jpg
C:\Users\172634\projects\Pipe Counter New\pipe-datasets\1_firts_train.v2-v2.coco\test\2022_10_05_11_30_IMG_4114_JPG_jpg.rf.c60c6e7d4317c4281e3a2fa92284498e.jpg,49,0,C:\Users\172634\projects\Pipe Counter New\pipe-center-counter-poc\runs\field_predictions\0053_2022_10_05_11_30_IMG_4114_JPG_jpg.rf.c60c6e7d4317c4281e3a2fa92284498e_count_49.jpg
C:\Users\172634\projects\Pipe Counter New\pipe-datasets\1_firts_train.v2-v2.coco\test\2022_10_05_11_30_IMG_4136_JPG_jpg.rf.4c79f266b0095d2cc64fe507e6890bd8.jpg,50,0,C:\Users\172634\projects\Pipe Counter New\pipe-center-counter-poc\runs\field_predictions\0054_2022_10_05_11_30_IMG_4136_JPG_jpg.rf.4c79f266b0095d2cc64fe507e6890bd8_count_50.jpg
C:\Users\172634\projects\Pipe Counter New\pipe-datasets\1_firts_train.v2-v2.coco\test\2022_10_05_11_30_IMG_4147_JPG_jpg.rf.b2c92fb0e884316e21125759e3bbb652.jpg,50,0,C:\Users\172634\projects\Pipe Counter New\pipe-center-counter-poc\runs\field_predictions\0055_2022_10_05_11_30_IMG_4147_JPG_jpg.rf.b2c92fb0e884316e21125759e3bbb652_count_50.jpg
C:\Users\172634\projects\Pipe Counter New\pipe-datasets\1_firts_train.v2-v2.coco\test\2022_10_05_11_30_IMG_4154_JPG_jpg.rf.d273b967610d0865be01a33c73defb0e.jpg,50,0,C:\Users\172634\projects\Pipe Counter New\pipe-center-counter-poc\runs\field_predictions\0056_2022_10_05_11_30_IMG_4154_JPG_jpg.rf.d273b967610d0865be01a33c73defb0e_count_50.jpg
C:\Users\172634\projects\Pipe Counter New\pipe-datasets\1_firts_train.v2-v2.coco\test\2022_10_05_11_30_IMG_4176_JPG_jpg.rf.c9ed30fe68a3cb383ae3bba2de3969e0.jpg,50,0,C:\Users\172634\projects\Pipe Counter New\pipe-center-counter-poc\runs\field_predictions\0057_2022_10_05_11_30_IMG_4176_JPG_jpg.rf.c9ed30fe68a3cb383ae3bba2de3969e0_count_50.jpg
C:\Users\172634\projects\Pipe Counter New\pipe-datasets\1_firts_train.v2-v2.coco\test\2022_10_05_11_30_IMG_4207_JPG_jpg.rf.28b1cade98b9155e464ebeea350c7c22.jpg,51,0,C:\Users\172634\projects\Pipe Counter New\pipe-center-counter-poc\runs\field_predictions\0058_2022_10_05_11_30_IMG_4207_JPG_jpg.rf.28b1cade98b9155e464ebeea350c7c22_count_51.jpg
C:\Users\172634\projects\Pipe Counter New\pipe-datasets\1_firts_train.v2-v2.coco\test\2022_10_05_11_30_IMG_4210_JPG_jpg.rf.8c31b01e6ee30628e36dd2d6cfbcfa49.jpg,50,11,C:\Users\172634\projects\Pipe Counter New\pipe-center-counter-poc\runs\field_predictions\0059_2022_10_05_11_30_IMG_4210_JPG_jpg.rf.8c31b01e6ee30628e36dd2d6cfbcfa49_count_50.jpg
C:\Users\172634\projects\Pipe Counter New\pipe-datasets\1_firts_train.v2-v2.coco\test\2022_10_05_11_30_IMG_4216_JPG_jpg.rf.1cb25729f3682aa90c7311e9307626e6.jpg,50,0,C:\Users\172634\projects\Pipe Counter New\pipe-center-counter-poc\runs\field_predictions\0060_2022_10_05_11_30_IMG_4216_JPG_jpg.rf.1cb25729f3682aa90c7311e9307626e6_count_50.jpg
C:\Users\172634\projects\Pipe Counter New\pipe-datasets\1_firts_train.v2-v2.coco\test\2022_10_05_11_30_IMG_4220_JPG_jpg.rf.477da0eb87c6ba6e3deb969e23f78fc5.jpg,51,0,C:\Users\172634\projects\Pipe Counter New\pipe-center-counter-poc\runs\field_predictions\0061_2022_10_05_11_30_IMG_4220_JPG_jpg.rf.477da0eb87c6ba6e3deb969e23f78fc5_count_51.jpg
C:\Users\172634\projects\Pipe Counter New\pipe-datasets\1_firts_train.v2-v2.coco\test\2022_10_05_11_30_IMG_4243_JPG_jpg.rf.ad2b351122c03784dff746bdbeaaadd2.jpg,50,5,C:\Users\172634\projects\Pipe Counter New\pipe-center-counter-poc\runs\field_predictions\0062_2022_10_05_11_30_IMG_4243_JPG_jpg.rf.ad2b351122c03784dff746bdbeaaadd2_count_50.jpg
C:\Users\172634\projects\Pipe Counter New\pipe-datasets\1_firts_train.v2-v2.coco\test\2022_10_05_11_30_IMG_4251_JPG_jpg.rf.0bd8e25613033e7ef728d3396681c0a1.jpg,50,0,C:\Users\172634\projects\Pipe Counter New\pipe-center-counter-poc\runs\field_predictions\0063_2022_10_05_11_30_IMG_4251_JPG_jpg.rf.0bd8e25613033e7ef728d3396681c0a1_count_50.jpg
C:\Users\172634\projects\Pipe Counter New\pipe-datasets\1_firts_train.v2-v2.coco\test\2022_10_05_11_30_IMG_4256_JPG_jpg.rf.470563d9e2655d0defbd64aeb09217b8.jpg,51,0,C:\Users\172634\projects\Pipe Counter New\pipe-center-counter-poc\runs\field_predictions\0064_2022_10_05_11_30_IMG_4256_JPG_jpg.rf.470563d9e2655d0defbd64aeb09217b8_count_51.jpg
C:\Users\172634\projects\Pipe Counter New\pipe-datasets\1_firts_train.v2-v2.coco\test\2022_10_05_11_30_IMG_4258_JPG_jpg.rf.88ddbaea73ea9b3603c2f1e97c96db3a.jpg,50,0,C:\Users\172634\projects\Pipe Counter New\pipe-center-counter-poc\runs\field_predictions\0065_2022_10_05_11_30_IMG_4258_JPG_jpg.rf.88ddbaea73ea9b3603c2f1e97c96db3a_count_50.jpg
C:\Users\172634\projects\Pipe Counter New\pipe-datasets\1_firts_train.v2-v2.coco\test\2022_10_05_11_30_IMG_4259_JPG_jpg.rf.4f3a5e2ef54ea7272defb0710a5e89d6.jpg,52,0,C:\Users\172634\projects\Pipe Counter New\pipe-center-counter-poc\runs\field_predictions\0066_2022_10_05_11_30_IMG_4259_JPG_jpg.rf.4f3a5e2ef54ea7272defb0710a5e89d6_count_52.jpg
C:\Users\172634\projects\Pipe Counter New\pipe-datasets\1_firts_train.v2-v2.coco\test\2022_10_05_11_30_IMG_4259_JPG_jpg.rf.ad421de3cceb6adc2ef7bdcb8c4b622e.jpg,50,0,C:\Users\172634\projects\Pipe Counter New\pipe-center-counter-poc\runs\field_predictions\0067_2022_10_05_11_30_IMG_4259_JPG_jpg.rf.ad421de3cceb6adc2ef7bdcb8c4b622e_count_50.jpg
C:\Users\172634\projects\Pipe Counter New\pipe-datasets\1_firts_train.v2-v2.coco\test\2022_10_05_11_30_IMG_4261_JPG_jpg.rf.520a44bd0e1f2c2ce4a6ccbfc1b1c776.jpg,50,0,C:\Users\172634\projects\Pipe Counter New\pipe-center-counter-poc\runs\field_predictions\0068_2022_10_05_11_30_IMG_4261_JPG_jpg.rf.520a44bd0e1f2c2ce4a6ccbfc1b1c776_count_50.jpg
C:\Users\172634\projects\Pipe Counter New\pipe-datasets\1_firts_train.v2-v2.coco\test\2022_10_05_11_30_IMG_4269_JPG_jpg.rf.33cadf999e259010c2c19bc7cdfea752.jpg,50,8,C:\Users\172634\projects\Pipe Counter New\pipe-center-counter-poc\runs\field_predictions\0069_2022_10_05_11_30_IMG_4269_JPG_jpg.rf.33cadf999e259010c2c19bc7cdfea752_count_50.jpg
C:\Users\172634\projects\Pipe Counter New\pipe-datasets\1_firts_train.v2-v2.coco\test\2022_10_05_11_30_IMG_4273_JPG_jpg.rf.25f5937cdb4bb97e140dce4b5e12cbeb.jpg,56,11,C:\Users\172634\projects\Pipe Counter New\pipe-center-counter-poc\runs\field_predictions\0070_2022_10_05_11_30_IMG_4273_JPG_jpg.rf.25f5937cdb4bb97e140dce4b5e12cbeb_count_56.jpg
C:\Users\172634\projects\Pipe Counter New\pipe-datasets\1_firts_train.v2-v2.coco\test\2022_10_05_11_31_IMG_4287_JPG_jpg.rf.cbf7264454875d20979842865b44065e.jpg,54,2,C:\Users\172634\projects\Pipe Counter New\pipe-center-counter-poc\runs\field_predictions\0071_2022_10_05_11_31_IMG_4287_JPG_jpg.rf.cbf7264454875d20979842865b44065e_count_54.jpg
C:\Users\172634\projects\Pipe Counter New\pipe-datasets\1_firts_train.v2-v2.coco\test\2022_10_05_11_31_IMG_4311_JPG_jpg.rf.49e660c11ff278ba6b716f544bf81991.jpg,56,3,C:\Users\172634\projects\Pipe Counter New\pipe-center-counter-poc\runs\field_predictions\0072_2022_10_05_11_31_IMG_4311_JPG_jpg.rf.49e660c11ff278ba6b716f544bf81991_count_56.jpg
C:\Users\172634\projects\Pipe Counter New\pipe-datasets\1_firts_train.v2-v2.coco\test\2022_10_05_11_31_IMG_4326_JPG_jpg.rf.59d1ef46479674d3397ee56fc1705a99.jpg,55,2,C:\Users\172634\projects\Pipe Counter New\pipe-center-counter-poc\runs\field_predictions\0073_2022_10_05_11_31_IMG_4326_JPG_jpg.rf.59d1ef46479674d3397ee56fc1705a99_count_55.jpg
C:\Users\172634\projects\Pipe Counter New\pipe-datasets\1_firts_train.v2-v2.coco\test\2022_10_05_11_31_IMG_4339_JPG_jpg.rf.cf61fe2ba2410f3778b3cea2dd516f08.jpg,48,8,C:\Users\172634\projects\Pipe Counter New\pipe-center-counter-poc\runs\field_predictions\0074_2022_10_05_11_31_IMG_4339_JPG_jpg.rf.cf61fe2ba2410f3778b3cea2dd516f08_count_48.jpg
C:\Users\172634\projects\Pipe Counter New\pipe-datasets\1_firts_train.v2-v2.coco\test\2022_10_05_11_31_IMG_4373_JPG_jpg.rf.7de0bc063836d15feaedd785a4ee45c4.jpg,53,5,C:\Users\172634\projects\Pipe Counter New\pipe-center-counter-poc\runs\field_predictions\0075_2022_10_05_11_31_IMG_4373_JPG_jpg.rf.7de0bc063836d15feaedd785a4ee45c4_count_53.jpg
C:\Users\172634\projects\Pipe Counter New\pipe-datasets\1_firts_train.v2-v2.coco\test\2022_10_05_11_31_IMG_4373_JPG_jpg.rf.f25aa054679742ad9e24fedcf17686d5.jpg,54,1,C:\Users\172634\projects\Pipe Counter New\pipe-center-counter-poc\runs\field_predictions\0076_2022_10_05_11_31_IMG_4373_JPG_jpg.rf.f25aa054679742ad9e24fedcf17686d5_count_54.jpg
C:\Users\172634\projects\Pipe Counter New\pipe-datasets\1_firts_train.v2-v2.coco\test\2022_10_05_11_31_IMG_4383_JPG_jpg.rf.6df7f89c6acf9718774a2d8e9783ca28.jpg,56,1,C:\Users\172634\projects\Pipe Counter New\pipe-center-counter-poc\runs\field_predictions\0077_2022_10_05_11_31_IMG_4383_JPG_jpg.rf.6df7f89c6acf9718774a2d8e9783ca28_count_56.jpg
C:\Users\172634\projects\Pipe Counter New\pipe-datasets\1_firts_train.v2-v2.coco\test\2022_10_05_11_31_IMG_4447_JPG_jpg.rf.ef6ec21380b473d1f0101db2c5eab991.jpg,52,40,C:\Users\172634\projects\Pipe Counter New\pipe-center-counter-poc\runs\field_predictions\0078_2022_10_05_11_31_IMG_4447_JPG_jpg.rf.ef6ec21380b473d1f0101db2c5eab991_count_52.jpg
C:\Users\172634\projects\Pipe Counter New\pipe-datasets\1_firts_train.v2-v2.coco\test\213_jpeg.rf.213e3aef81c792ecbf14c9a98f0b1418.jpg,104,2,C:\Users\172634\projects\Pipe Counter New\pipe-center-counter-poc\runs\field_predictions\0079_213_jpeg.rf.213e3aef81c792ecbf14c9a98f0b1418_count_104.jpg
C:\Users\172634\projects\Pipe Counter New\pipe-datasets\1_firts_train.v2-v2.coco\test\21_jpg.rf.2f37ece7ded2d8b82ea5f8b39d348282.jpg,36,6,C:\Users\172634\projects\Pipe Counter New\pipe-center-counter-poc\runs\field_predictions\0080_21_jpg.rf.2f37ece7ded2d8b82ea5f8b39d348282_count_36.jpg
C:\Users\172634\projects\Pipe Counter New\pipe-datasets\1_firts_train.v2-v2.coco\test\233_jpeg.rf.d09f78b3c66f36918e5fa57f0adffcef.jpg,90,36,C:\Users\172634\projects\Pipe Counter New\pipe-center-counter-poc\runs\field_predictions\0081_233_jpeg.rf.d09f78b3c66f36918e5fa57f0adffcef_count_90.jpg
C:\Users\172634\projects\Pipe Counter New\pipe-datasets\1_firts_train.v2-v2.coco\test\234_jpeg.rf.7ea54764f5cff402cc84165cd2c7bccb.jpg,100,21,C:\Users\172634\projects\Pipe Counter New\pipe-center-counter-poc\runs\field_predictions\0082_234_jpeg.rf.7ea54764f5cff402cc84165cd2c7bccb_count_100.jpg
C:\Users\172634\projects\Pipe Counter New\pipe-datasets\1_firts_train.v2-v2.coco\test\235_jpeg.rf.fb6a9802f762e197b53e7a6745ea05c9.jpg,80,20,C:\Users\172634\projects\Pipe Counter New\pipe-center-counter-poc\runs\field_predictions\0083_235_jpeg.rf.fb6a9802f762e197b53e7a6745ea05c9_count_80.jpg
C:\Users\172634\projects\Pipe Counter New\pipe-datasets\1_firts_train.v2-v2.coco\test\249_jpeg.rf.848efdf8e4ca18215704d22638a2bdea.jpg,91,1,C:\Users\172634\projects\Pipe Counter New\pipe-center-counter-poc\runs\field_predictions\0084_249_jpeg.rf.848efdf8e4ca18215704d22638a2bdea_count_91.jpg
C:\Users\172634\projects\Pipe Counter New\pipe-datasets\1_firts_train.v2-v2.coco\test\252_jpeg.rf.0fa0d6bbf12420e8528220b46a224a6a.jpg,133,30,C:\Users\172634\projects\Pipe Counter New\pipe-center-counter-poc\runs\field_predictions\0085_252_jpeg.rf.0fa0d6bbf12420e8528220b46a224a6a_count_133.jpg
C:\Users\172634\projects\Pipe Counter New\pipe-datasets\1_firts_train.v2-v2.coco\test\25_jpeg.rf.8168e9ceca9bc6dce666611b8fac79be.jpg,66,30,C:\Users\172634\projects\Pipe Counter New\pipe-center-counter-poc\runs\field_predictions\0086_25_jpeg.rf.8168e9ceca9bc6dce666611b8fac79be_count_66.jpg
C:\Users\172634\projects\Pipe Counter New\pipe-datasets\1_firts_train.v2-v2.coco\test\274_jpeg.rf.30470523677fd4fb33d5b573b568198d.jpg,111,20,C:\Users\172634\projects\Pipe Counter New\pipe-center-counter-poc\runs\field_predictions\0087_274_jpeg.rf.30470523677fd4fb33d5b573b568198d_count_111.jpg
C:\Users\172634\projects\Pipe Counter New\pipe-datasets\1_firts_train.v2-v2.coco\test\27_jpeg.rf.905b57ae3a5a93d5a06bf5589b4ac52b.jpg,110,22,C:\Users\172634\projects\Pipe Counter New\pipe-center-counter-poc\runs\field_predictions\0088_27_jpeg.rf.905b57ae3a5a93d5a06bf5589b4ac52b_count_110.jpg
C:\Users\172634\projects\Pipe Counter New\pipe-datasets\1_firts_train.v2-v2.coco\test\2_jpg.rf.4d89085eaf0d86858dd8fb92e96a9085.jpg,1,0,C:\Users\172634\projects\Pipe Counter New\pipe-center-counter-poc\runs\field_predictions\0089_2_jpg.rf.4d89085eaf0d86858dd8fb92e96a9085_count_1.jpg
C:\Users\172634\projects\Pipe Counter New\pipe-datasets\1_firts_train.v2-v2.coco\test\30_jpeg.rf.ed2c947fe0f6f708b4bc3e7ed80da892.jpg,183,73,C:\Users\172634\projects\Pipe Counter New\pipe-center-counter-poc\runs\field_predictions\0090_30_jpeg.rf.ed2c947fe0f6f708b4bc3e7ed80da892_count_183.jpg
C:\Users\172634\projects\Pipe Counter New\pipe-datasets\1_firts_train.v2-v2.coco\test\30_jpg.rf.9b725dd614d1884ba7666158bbd0c77a.jpg,106,0,C:\Users\172634\projects\Pipe Counter New\pipe-center-counter-poc\runs\field_predictions\0091_30_jpg.rf.9b725dd614d1884ba7666158bbd0c77a_count_106.jpg
C:\Users\172634\projects\Pipe Counter New\pipe-datasets\1_firts_train.v2-v2.coco\test\32_jpg.rf.5cff3e615f52e3eb9558682884064fa3.jpg,59,6,C:\Users\172634\projects\Pipe Counter New\pipe-center-counter-poc\runs\field_predictions\0092_32_jpg.rf.5cff3e615f52e3eb9558682884064fa3_count_59.jpg
C:\Users\172634\projects\Pipe Counter New\pipe-datasets\1_firts_train.v2-v2.coco\test\3498739_jpg.rf.18868b057eef36eb414aa9e8ac407ece.jpg,29,3,C:\Users\172634\projects\Pipe Counter New\pipe-center-counter-poc\runs\field_predictions\0093_3498739_jpg.rf.18868b057eef36eb414aa9e8ac407ece_count_29.jpg
C:\Users\172634\projects\Pipe Counter New\pipe-datasets\1_firts_train.v2-v2.coco\test\42_jpeg.rf.2b6457b39e65d42a8c76d0b241491e38.jpg,121,1,C:\Users\172634\projects\Pipe Counter New\pipe-center-counter-poc\runs\field_predictions\0094_42_jpeg.rf.2b6457b39e65d42a8c76d0b241491e38_count_121.jpg
C:\Users\172634\projects\Pipe Counter New\pipe-datasets\1_firts_train.v2-v2.coco\test\44_jpeg.rf.5eebf2093de7ba53554afb4108a9fd41.jpg,286,45,C:\Users\172634\projects\Pipe Counter New\pipe-center-counter-poc\runs\field_predictions\0095_44_jpeg.rf.5eebf2093de7ba53554afb4108a9fd41_count_286.jpg
C:\Users\172634\projects\Pipe Counter New\pipe-datasets\1_firts_train.v2-v2.coco\test\4_thumbnail-2-_jpg.rf.bdc829dda5b4a6dd757d8820c3890247.jpg,18,1,C:\Users\172634\projects\Pipe Counter New\pipe-center-counter-poc\runs\field_predictions\0096_4_thumbnail-2-_jpg.rf.bdc829dda5b4a6dd757d8820c3890247_count_18.jpg
C:\Users\172634\projects\Pipe Counter New\pipe-datasets\1_firts_train.v2-v2.coco\test\51_jpeg.rf.d6cb7b82ec78cfcb69425be10314c47d.jpg,60,20,C:\Users\172634\projects\Pipe Counter New\pipe-center-counter-poc\runs\field_predictions\0097_51_jpeg.rf.d6cb7b82ec78cfcb69425be10314c47d_count_60.jpg
C:\Users\172634\projects\Pipe Counter New\pipe-datasets\1_firts_train.v2-v2.coco\test\57060f7c4007a6e01c7474e1a3392dd5_jpg.rf.09aff3d70c801d9643fd5558beb1277d.jpg,31,4,C:\Users\172634\projects\Pipe Counter New\pipe-center-counter-poc\runs\field_predictions\0098_57060f7c4007a6e01c7474e1a3392dd5_jpg.rf.09aff3d70c801d9643fd5558beb1277d_count_31.jpg
C:\Users\172634\projects\Pipe Counter New\pipe-datasets\1_firts_train.v2-v2.coco\test\62_jpeg_jpg.rf.6cbcf26b9c9d862f7475aba5302d1387.jpg,103,9,C:\Users\172634\projects\Pipe Counter New\pipe-center-counter-poc\runs\field_predictions\0099_62_jpeg_jpg.rf.6cbcf26b9c9d862f7475aba5302d1387_count_103.jpg
C:\Users\172634\projects\Pipe Counter New\pipe-datasets\1_firts_train.v2-v2.coco\test\64_jpeg.rf.3a0017c02979459226b00d6fbaaa46e3.jpg,75,6,C:\Users\172634\projects\Pipe Counter New\pipe-center-counter-poc\runs\field_predictions\0100_64_jpeg.rf.3a0017c02979459226b00d6fbaaa46e3_count_75.jpg
C:\Users\172634\projects\Pipe Counter New\pipe-datasets\1_firts_train.v2-v2.coco\test\66_jpeg.rf.b949a0b7988f459aacbba1c73c7a77b3.jpg,101,7,C:\Users\172634\projects\Pipe Counter New\pipe-center-counter-poc\runs\field_predictions\0101_66_jpeg.rf.b949a0b7988f459aacbba1c73c7a77b3_count_101.jpg
C:\Users\172634\projects\Pipe Counter New\pipe-datasets\1_firts_train.v2-v2.coco\test\6_jpg.rf.7fc2900466421820f17d43ced725f02c.jpg,37,0,C:\Users\172634\projects\Pipe Counter New\pipe-center-counter-poc\runs\field_predictions\0102_6_jpg.rf.7fc2900466421820f17d43ced725f02c_count_37.jpg
C:\Users\172634\projects\Pipe Counter New\pipe-datasets\1_firts_train.v2-v2.coco\test\75_jpeg.rf.f98938861de327a04c0f8eacf6eeeb3c.jpg,142,13,C:\Users\172634\projects\Pipe Counter New\pipe-center-counter-poc\runs\field_predictions\0103_75_jpeg.rf.f98938861de327a04c0f8eacf6eeeb3c_count_142.jpg
C:\Users\172634\projects\Pipe Counter New\pipe-datasets\1_firts_train.v2-v2.coco\test\79_jpeg_jpg.rf.24636a578105c33f7ca4b417b34eb7cd.jpg,80,2,C:\Users\172634\projects\Pipe Counter New\pipe-center-counter-poc\runs\field_predictions\0104_79_jpeg_jpg.rf.24636a578105c33f7ca4b417b34eb7cd_count_80.jpg
C:\Users\172634\projects\Pipe Counter New\pipe-datasets\1_firts_train.v2-v2.coco\test\7_jpeg.rf.fbc871ca1ed1fdb14b88ec92f3d7676f.jpg,69,5,C:\Users\172634\projects\Pipe Counter New\pipe-center-counter-poc\runs\field_predictions\0105_7_jpeg.rf.fbc871ca1ed1fdb14b88ec92f3d7676f_count_69.jpg
C:\Users\172634\projects\Pipe Counter New\pipe-datasets\1_firts_train.v2-v2.coco\test\84_jpeg.rf.bd50ec8a9a02aa3feb76bcbc12fd9c74.jpg,145,30,C:\Users\172634\projects\Pipe Counter New\pipe-center-counter-poc\runs\field_predictions\0106_84_jpeg.rf.bd50ec8a9a02aa3feb76bcbc12fd9c74_count_145.jpg
C:\Users\172634\projects\Pipe Counter New\pipe-datasets\1_firts_train.v2-v2.coco\test\87_jpeg.rf.58df0d0bccf833eaea4d51bf66896481.jpg,94,0,C:\Users\172634\projects\Pipe Counter New\pipe-center-counter-poc\runs\field_predictions\0107_87_jpeg.rf.58df0d0bccf833eaea4d51bf66896481_count_94.jpg
C:\Users\172634\projects\Pipe Counter New\pipe-datasets\1_firts_train.v2-v2.coco\test\92_jpg.rf.28ab64f45528ca99a0f8fadf8499a3dc.jpg,137,31,C:\Users\172634\projects\Pipe Counter New\pipe-center-counter-poc\runs\field_predictions\0108_92_jpg.rf.28ab64f45528ca99a0f8fadf8499a3dc_count_137.jpg
C:\Users\172634\projects\Pipe Counter New\pipe-datasets\1_firts_train.v2-v2.coco\test\93_jpeg_jpg.rf.01ec44d8333eadf7bbebb024694ef276.jpg,2,0,C:\Users\172634\projects\Pipe Counter New\pipe-center-counter-poc\runs\field_predictions\0109_93_jpeg_jpg.rf.01ec44d8333eadf7bbebb024694ef276_count_2.jpg
C:\Users\172634\projects\Pipe Counter New\pipe-datasets\1_firts_train.v2-v2.coco\test\a1-40-_jpg.rf.ad010bac2785928d0086c6b22edf6674.jpg,82,4,C:\Users\172634\projects\Pipe Counter New\pipe-center-counter-poc\runs\field_predictions\0110_a1-40-_jpg.rf.ad010bac2785928d0086c6b22edf6674_count_82.jpg
C:\Users\172634\projects\Pipe Counter New\pipe-datasets\1_firts_train.v2-v2.coco\test\afe4cc6dd7j_jpg.rf.b7f36791a831256188853920ce90ed54.jpg,91,0,C:\Users\172634\projects\Pipe Counter New\pipe-center-counter-poc\runs\field_predictions\0111_afe4cc6dd7j_jpg.rf.b7f36791a831256188853920ce90ed54_count_91.jpg
C:\Users\172634\projects\Pipe Counter New\pipe-datasets\1_firts_train.v2-v2.coco\test\agricultural-pvc-pipe-500x500_jpg.rf.dfbde404b3794cbe612332ee25fcdfd1.jpg,101,2,C:\Users\172634\projects\Pipe Counter New\pipe-center-counter-poc\runs\field_predictions\0112_agricultural-pvc-pipe-500x500_jpg.rf.dfbde404b3794cbe612332ee25fcdfd1_count_101.jpg
C:\Users\172634\projects\Pipe Counter New\pipe-datasets\1_firts_train.v2-v2.coco\test\b-26-_jpg.rf.acbcd2dc7f9400751736bb568225a5bf.jpg,574,147,C:\Users\172634\projects\Pipe Counter New\pipe-center-counter-poc\runs\field_predictions\0113_b-26-_jpg.rf.acbcd2dc7f9400751736bb568225a5bf_count_574.jpg
C:\Users\172634\projects\Pipe Counter New\pipe-datasets\1_firts_train.v2-v2.coco\test\base_26_jpg.rf.636bd527f261154f3e9b5d9373e7e679.jpg,11,0,C:\Users\172634\projects\Pipe Counter New\pipe-center-counter-poc\runs\field_predictions\0114_base_26_jpg.rf.636bd527f261154f3e9b5d9373e7e679_count_11.jpg
C:\Users\172634\projects\Pipe Counter New\pipe-datasets\1_firts_train.v2-v2.coco\test\base_32_jpg.rf.55b972e7f59518401650c3c595b44d2f.jpg,16,2,C:\Users\172634\projects\Pipe Counter New\pipe-center-counter-poc\runs\field_predictions\0115_base_32_jpg.rf.55b972e7f59518401650c3c595b44d2f_count_16.jpg
C:\Users\172634\projects\Pipe Counter New\pipe-datasets\1_firts_train.v2-v2.coco\test\base_48_jpg.rf.80750113bcdb907f306f2c4efe4f6710.jpg,2,0,C:\Users\172634\projects\Pipe Counter New\pipe-center-counter-poc\runs\field_predictions\0116_base_48_jpg.rf.80750113bcdb907f306f2c4efe4f6710_count_2.jpg
C:\Users\172634\projects\Pipe Counter New\pipe-datasets\1_firts_train.v2-v2.coco\test\black-plastic-pipes-water-supply-black-plastic-pipes-water-supply-sewerage-prepared-installation-repair-173626446_jpg.rf.6f574852ce7b1b55f7b596148ab0a19d.jpg,71,5,C:\Users\172634\projects\Pipe Counter New\pipe-center-counter-poc\runs\field_predictions\0117_black-plastic-pipes-water-supply-black-plastic-pipes-water-supply-sewerage-prepared-installation-repair-173626446_jpg.rf.6f574852ce7b1b55f7b596148ab0a19d_count_71.jpg
C:\Users\172634\projects\Pipe Counter New\pipe-datasets\1_firts_train.v2-v2.coco\test\black-plastic-pipes-water-supply-black-plastic-pipes-water-supply-sewerage-prepared-installation-repair-214123050_jpg.rf.95d581801fb5ef891d1b80a6199a5ed4.jpg,9,1,C:\Users\172634\projects\Pipe Counter New\pipe-center-counter-poc\runs\field_predictions\0118_black-plastic-pipes-water-supply-black-plastic-pipes-water-supply-sewerage-prepared-installation-repair-214123050_jpg.rf.95d581801fb5ef891d1b80a6199a5ed4_count_9.jpg
C:\Users\172634\projects\Pipe Counter New\pipe-datasets\1_firts_train.v2-v2.coco\test\black-steel-2_jpg.rf.b779b68c67f25d85ce67d2a1004aec39.jpg,0,0,C:\Users\172634\projects\Pipe Counter New\pipe-center-counter-poc\runs\field_predictions\0119_black-steel-2_jpg.rf.b779b68c67f25d85ce67d2a1004aec39_count_0.jpg
C:\Users\172634\projects\Pipe Counter New\pipe-datasets\1_firts_train.v2-v2.coco\test\carbon-steel-square-tube-260nw-580598272_jpg.rf.046762ffe0d62a49e08b5efae5327b9c.jpg,49,28,C:\Users\172634\projects\Pipe Counter New\pipe-center-counter-poc\runs\field_predictions\0120_carbon-steel-square-tube-260nw-580598272_jpg.rf.046762ffe0d62a49e08b5efae5327b9c_count_49.jpg
C:\Users\172634\projects\Pipe Counter New\pipe-datasets\1_firts_train.v2-v2.coco\test\cast-iron-pipe_jpg.rf.9ac7f93fa2396ce806c6acc6a8ddfff4.jpg,30,4,C:\Users\172634\projects\Pipe Counter New\pipe-center-counter-poc\runs\field_predictions\0121_cast-iron-pipe_jpg.rf.9ac7f93fa2396ce806c6acc6a8ddfff4_count_30.jpg
C:\Users\172634\projects\Pipe Counter New\pipe-datasets\1_firts_train.v2-v2.coco\test\Counting-Input-2020-09-01-035005_jpg.rf.d537c3a00af8758e8dd882d9ae3bd199.jpg,87,27,C:\Users\172634\projects\Pipe Counter New\pipe-center-counter-poc\runs\field_predictions\0122_Counting-Input-2020-09-01-035005_jpg.rf.d537c3a00af8758e8dd882d9ae3bd199_count_87.jpg
C:\Users\172634\projects\Pipe Counter New\pipe-datasets\1_firts_train.v2-v2.coco\test\Counting-Input-2020-09-01-071408_jpg.rf.eaaf039095f075d3e7a7609c9772bf50.jpg,302,0,C:\Users\172634\projects\Pipe Counter New\pipe-center-counter-poc\runs\field_predictions\0123_Counting-Input-2020-09-01-071408_jpg.rf.eaaf039095f075d3e7a7609c9772bf50_count_302.jpg
C:\Users\172634\projects\Pipe Counter New\pipe-datasets\1_firts_train.v2-v2.coco\test\Counting-Input-2020-09-02-122107_jpg.rf.bb9f11ce24aaa84a4e96d96ae44f4442.jpg,93,36,C:\Users\172634\projects\Pipe Counter New\pipe-center-counter-poc\runs\field_predictions\0124_Counting-Input-2020-09-02-122107_jpg.rf.bb9f11ce24aaa84a4e96d96ae44f4442_count_93.jpg
C:\Users\172634\projects\Pipe Counter New\pipe-datasets\1_firts_train.v2-v2.coco\test\Counting-Input-2020-09-02-211458_jpg.rf.0309803e40c9d57872350e259b6ad0ae.jpg,286,120,C:\Users\172634\projects\Pipe Counter New\pipe-center-counter-poc\runs\field_predictions\0125_Counting-Input-2020-09-02-211458_jpg.rf.0309803e40c9d57872350e259b6ad0ae_count_286.jpg
C:\Users\172634\projects\Pipe Counter New\pipe-datasets\1_firts_train.v2-v2.coco\test\DJI_0456_JPG_jpg.rf.5a75c7e26d1b9eb5a6d7e7857777729c.jpg,88,12,C:\Users\172634\projects\Pipe Counter New\pipe-center-counter-poc\runs\field_predictions\0126_DJI_0456_JPG_jpg.rf.5a75c7e26d1b9eb5a6d7e7857777729c_count_88.jpg
C:\Users\172634\projects\Pipe Counter New\pipe-datasets\1_firts_train.v2-v2.coco\test\download-13-_jpg.rf.2eb2263024df31543507197dfcc88a91.jpg,51,18,C:\Users\172634\projects\Pipe Counter New\pipe-center-counter-poc\runs\field_predictions\0127_download-13-_jpg.rf.2eb2263024df31543507197dfcc88a91_count_51.jpg
C:\Users\172634\projects\Pipe Counter New\pipe-datasets\1_firts_train.v2-v2.coco\test\download-18-2-_jpg.rf.0c1d12717bdbaad3e703554da565aeb9.jpg,3,0,C:\Users\172634\projects\Pipe Counter New\pipe-center-counter-poc\runs\field_predictions\0128_download-18-2-_jpg.rf.0c1d12717bdbaad3e703554da565aeb9_count_3.jpg
C:\Users\172634\projects\Pipe Counter New\pipe-datasets\1_firts_train.v2-v2.coco\test\download-3-_jpg.rf.880a9cd0ce51ac83c9f484d85e83ffd4.jpg,56,10,C:\Users\172634\projects\Pipe Counter New\pipe-center-counter-poc\runs\field_predictions\0129_download-3-_jpg.rf.880a9cd0ce51ac83c9f484d85e83ffd4_count_56.jpg
C:\Users\172634\projects\Pipe Counter New\pipe-datasets\1_firts_train.v2-v2.coco\test\e5c9ce1725a_jpg.rf.d945c42b258e3c2df21d852fa115067f.jpg,8,0,C:\Users\172634\projects\Pipe Counter New\pipe-center-counter-poc\runs\field_predictions\0130_e5c9ce1725a_jpg.rf.d945c42b258e3c2df21d852fa115067f_count_8.jpg
C:\Users\172634\projects\Pipe Counter New\pipe-datasets\1_firts_train.v2-v2.coco\test\eca0d6b3d4k_jpg.rf.7d0adfa1b99ab555fbec6bc5a3f43fef.jpg,42,1,C:\Users\172634\projects\Pipe Counter New\pipe-center-counter-poc\runs\field_predictions\0131_eca0d6b3d4k_jpg.rf.7d0adfa1b99ab555fbec6bc5a3f43fef_count_42.jpg
C:\Users\172634\projects\Pipe Counter New\pipe-datasets\1_firts_train.v2-v2.coco\test\google_138_jpg.rf.ce3688d9e2ca62c7bd3bcc6892595b1f.jpg,1,0,C:\Users\172634\projects\Pipe Counter New\pipe-center-counter-poc\runs\field_predictions\0132_google_138_jpg.rf.ce3688d9e2ca62c7bd3bcc6892595b1f_count_1.jpg
C:\Users\172634\projects\Pipe Counter New\pipe-datasets\1_firts_train.v2-v2.coco\test\google_95_jpg.rf.72a754015486cef93851a94daf995d44.jpg,7,0,C:\Users\172634\projects\Pipe Counter New\pipe-center-counter-poc\runs\field_predictions\0133_google_95_jpg.rf.72a754015486cef93851a94daf995d44_count_7.jpg
C:\Users\172634\projects\Pipe Counter New\pipe-datasets\1_firts_train.v2-v2.coco\test\gray-pvc-sewer-pipes-wooden-floor-background-gray-pvc-sewer-pipes-wooden-floor-background-copy-space-134196469_jpg.rf.e30c40b47023653efcd42b1107c495f9.jpg,2,0,C:\Users\172634\projects\Pipe Counter New\pipe-center-counter-poc\runs\field_predictions\0134_gray-pvc-sewer-pipes-wooden-floor-background-gray-pvc-sewer-pipes-wooden-floor-background-copy-space-134196469_jpg.rf.e30c40b47023653efcd42b1107c495f9_count_2.jpg
C:\Users\172634\projects\Pipe Counter New\pipe-datasets\1_firts_train.v2-v2.coco\test\green-energy-19222068_jpg.rf.cda977859677e7a664389089d3367390.jpg,50,0,C:\Users\172634\projects\Pipe Counter New\pipe-center-counter-poc\runs\field_predictions\0135_green-energy-19222068_jpg.rf.cda977859677e7a664389089d3367390_count_50.jpg
C:\Users\172634\projects\Pipe Counter New\pipe-datasets\1_firts_train.v2-v2.coco\test\heavy-duty-pvc-pipe-500x500_png_jpg.rf.af916586bd3f0d3a48f9bb2f5646e227.jpg,30,3,C:\Users\172634\projects\Pipe Counter New\pipe-center-counter-poc\runs\field_predictions\0136_heavy-duty-pvc-pipe-500x500_png_jpg.rf.af916586bd3f0d3a48f9bb2f5646e227_count_30.jpg
C:\Users\172634\projects\Pipe Counter New\pipe-datasets\1_firts_train.v2-v2.coco\test\id9649vHteoUK7ubTJktRYJYQZcxrzVZyWPWk4As_jpg.rf.59db8ad5fab5280065749fcbfefcf0f7.jpg,28,4,C:\Users\172634\projects\Pipe Counter New\pipe-center-counter-poc\runs\field_predictions\0137_id9649vHteoUK7ubTJktRYJYQZcxrzVZyWPWk4As_jpg.rf.59db8ad5fab5280065749fcbfefcf0f7_count_28.jpg
C:\Users\172634\projects\Pipe Counter New\pipe-datasets\1_firts_train.v2-v2.coco\test\image14_png_jpg.rf.c586a2afef9c5a8bb42bba231deacc72.jpg,130,58,C:\Users\172634\projects\Pipe Counter New\pipe-center-counter-poc\runs\field_predictions\0138_image14_png_jpg.rf.c586a2afef9c5a8bb42bba231deacc72_count_130.jpg
C:\Users\172634\projects\Pipe Counter New\pipe-datasets\1_firts_train.v2-v2.coco\test\images-10-_jpg.rf.93d1c3bd91b63d31310d313b4979d4a8.jpg,8,0,C:\Users\172634\projects\Pipe Counter New\pipe-center-counter-poc\runs\field_predictions\0139_images-10-_jpg.rf.93d1c3bd91b63d31310d313b4979d4a8_count_8.jpg
C:\Users\172634\projects\Pipe Counter New\pipe-datasets\1_firts_train.v2-v2.coco\test\images-5-_jpg.rf.5de804a0e25ae15767fa769342da7c47.jpg,32,4,C:\Users\172634\projects\Pipe Counter New\pipe-center-counter-poc\runs\field_predictions\0140_images-5-_jpg.rf.5de804a0e25ae15767fa769342da7c47_count_32.jpg
C:\Users\172634\projects\Pipe Counter New\pipe-datasets\1_firts_train.v2-v2.coco\test\images-57-_jpg.rf.9591fdd80d1fb990a09fc8f468d6d371.jpg,26,4,C:\Users\172634\projects\Pipe Counter New\pipe-center-counter-poc\runs\field_predictions\0141_images-57-_jpg.rf.9591fdd80d1fb990a09fc8f468d6d371_count_26.jpg
C:\Users\172634\projects\Pipe Counter New\pipe-datasets\1_firts_train.v2-v2.coco\test\images-6-_jpeg_jpg.rf.cd89b172da6d11eb5ee0b7f802941fc3.jpg,46,12,C:\Users\172634\projects\Pipe Counter New\pipe-center-counter-poc\runs\field_predictions\0142_images-6-_jpeg_jpg.rf.cd89b172da6d11eb5ee0b7f802941fc3_count_46.jpg
C:\Users\172634\projects\Pipe Counter New\pipe-datasets\1_firts_train.v2-v2.coco\test\images-9-_jpeg_jpg.rf.9cb3998a8792caf6fbe349559151011e.jpg,10,0,C:\Users\172634\projects\Pipe Counter New\pipe-center-counter-poc\runs\field_predictions\0143_images-9-_jpeg_jpg.rf.9cb3998a8792caf6fbe349559151011e_count_10.jpg
C:\Users\172634\projects\Pipe Counter New\pipe-datasets\1_firts_train.v2-v2.coco\test\IMG-20200509-WA0019_jpg.rf.c8b43ab4853427fbbca741139aeb2caa.jpg,30,5,C:\Users\172634\projects\Pipe Counter New\pipe-center-counter-poc\runs\field_predictions\0144_IMG-20200509-WA0019_jpg.rf.c8b43ab4853427fbbca741139aeb2caa_count_30.jpg
C:\Users\172634\projects\Pipe Counter New\pipe-datasets\1_firts_train.v2-v2.coco\test\IMG-20200509-WA0043_jpg.rf.c32da64c342d9e2f5a008def9853612e.jpg,75,7,C:\Users\172634\projects\Pipe Counter New\pipe-center-counter-poc\runs\field_predictions\0145_IMG-20200509-WA0043_jpg.rf.c32da64c342d9e2f5a008def9853612e_count_75.jpg
C:\Users\172634\projects\Pipe Counter New\pipe-datasets\1_firts_train.v2-v2.coco\test\IMG-20200511-WA0068_jpg.rf.ae49cd8341b0be180b17c6e4153a93b2.jpg,20,0,C:\Users\172634\projects\Pipe Counter New\pipe-center-counter-poc\runs\field_predictions\0146_IMG-20200511-WA0068_jpg.rf.ae49cd8341b0be180b17c6e4153a93b2_count_20.jpg
C:\Users\172634\projects\Pipe Counter New\pipe-datasets\1_firts_train.v2-v2.coco\test\IMG-20200513-WA0025_jpg.rf.11bf764b7bc7c959c2e6690ad00d1188.jpg,88,22,C:\Users\172634\projects\Pipe Counter New\pipe-center-counter-poc\runs\field_predictions\0147_IMG-20200513-WA0025_jpg.rf.11bf764b7bc7c959c2e6690ad00d1188_count_88.jpg
C:\Users\172634\projects\Pipe Counter New\pipe-datasets\1_firts_train.v2-v2.coco\test\IMG-20200513-WA0064_jpg.rf.5ca53eabb61fe652723d557f13f89229.jpg,53,9,C:\Users\172634\projects\Pipe Counter New\pipe-center-counter-poc\runs\field_predictions\0148_IMG-20200513-WA0064_jpg.rf.5ca53eabb61fe652723d557f13f89229_count_53.jpg
C:\Users\172634\projects\Pipe Counter New\pipe-datasets\1_firts_train.v2-v2.coco\test\IMG-20200515-WA0007_jpg.rf.1374d619449528cf9cffcf0a3d98cf65.jpg,224,26,C:\Users\172634\projects\Pipe Counter New\pipe-center-counter-poc\runs\field_predictions\0149_IMG-20200515-WA0007_jpg.rf.1374d619449528cf9cffcf0a3d98cf65_count_224.jpg
C:\Users\172634\projects\Pipe Counter New\pipe-datasets\1_firts_train.v2-v2.coco\test\IMG-20200515-WA0012_jpg.rf.176e4bda0ee059e7553178c64b58ed99.jpg,25,7,C:\Users\172634\projects\Pipe Counter New\pipe-center-counter-poc\runs\field_predictions\0150_IMG-20200515-WA0012_jpg.rf.176e4bda0ee059e7553178c64b58ed99_count_25.jpg
C:\Users\172634\projects\Pipe Counter New\pipe-datasets\1_firts_train.v2-v2.coco\test\IMG-20200515-WA0014_jpg.rf.2105a8805c58e504a4e2711b6c4c764c.jpg,73,4,C:\Users\172634\projects\Pipe Counter New\pipe-center-counter-poc\runs\field_predictions\0151_IMG-20200515-WA0014_jpg.rf.2105a8805c58e504a4e2711b6c4c764c_count_73.jpg
C:\Users\172634\projects\Pipe Counter New\pipe-datasets\1_firts_train.v2-v2.coco\test\IMG-20200515-WA0024_jpg.rf.d3e6cd4b43102a0c10e24ea73d8a5471.jpg,49,7,C:\Users\172634\projects\Pipe Counter New\pipe-center-counter-poc\runs\field_predictions\0152_IMG-20200515-WA0024_jpg.rf.d3e6cd4b43102a0c10e24ea73d8a5471_count_49.jpg
C:\Users\172634\projects\Pipe Counter New\pipe-datasets\1_firts_train.v2-v2.coco\test\IMG-20200515-WA0055_jpg.rf.9643d2787dffbb451774bc713c54e5ac.jpg,138,1,C:\Users\172634\projects\Pipe Counter New\pipe-center-counter-poc\runs\field_predictions\0153_IMG-20200515-WA0055_jpg.rf.9643d2787dffbb451774bc713c54e5ac_count_138.jpg
C:\Users\172634\projects\Pipe Counter New\pipe-datasets\1_firts_train.v2-v2.coco\test\IMG-20200515-WA0090_jpg.rf.4a33cf017103bad63226b58df8b63687.jpg,93,1,C:\Users\172634\projects\Pipe Counter New\pipe-center-counter-poc\runs\field_predictions\0154_IMG-20200515-WA0090_jpg.rf.4a33cf017103bad63226b58df8b63687_count_93.jpg
C:\Users\172634\projects\Pipe Counter New\pipe-datasets\1_firts_train.v2-v2.coco\test\IMG-20200515-WA0094_jpg.rf.01689f650e9b161991cec8d9232f1729.jpg,86,0,C:\Users\172634\projects\Pipe Counter New\pipe-center-counter-poc\runs\field_predictions\0155_IMG-20200515-WA0094_jpg.rf.01689f650e9b161991cec8d9232f1729_count_86.jpg
C:\Users\172634\projects\Pipe Counter New\pipe-datasets\1_firts_train.v2-v2.coco\test\IMG-20200515-WA0095_jpg.rf.e332d04b950cca8b6f8c58bba9223283.jpg,54,1,C:\Users\172634\projects\Pipe Counter New\pipe-center-counter-poc\runs\field_predictions\0156_IMG-20200515-WA0095_jpg.rf.e332d04b950cca8b6f8c58bba9223283_count_54.jpg
C:\Users\172634\projects\Pipe Counter New\pipe-datasets\1_firts_train.v2-v2.coco\test\IMG-20200515-WA0111_jpg.rf.96a34393d8699f1a724907c9275b17aa.jpg,104,6,C:\Users\172634\projects\Pipe Counter New\pipe-center-counter-poc\runs\field_predictions\0157_IMG-20200515-WA0111_jpg.rf.96a34393d8699f1a724907c9275b17aa_count_104.jpg
C:\Users\172634\projects\Pipe Counter New\pipe-datasets\1_firts_train.v2-v2.coco\test\IMG-20200515-WA0125_jpg.rf.820bff5a0166c00fc4999ea8c5b1bb39.jpg,31,3,C:\Users\172634\projects\Pipe Counter New\pipe-center-counter-poc\runs\field_predictions\0158_IMG-20200515-WA0125_jpg.rf.820bff5a0166c00fc4999ea8c5b1bb39_count_31.jpg
C:\Users\172634\projects\Pipe Counter New\pipe-datasets\1_firts_train.v2-v2.coco\test\IMG-20200722-WA0040_jpg.rf.c6c37a5583bfa14806d0dd81c404f932.jpg,157,3,C:\Users\172634\projects\Pipe Counter New\pipe-center-counter-poc\runs\field_predictions\0159_IMG-20200722-WA0040_jpg.rf.c6c37a5583bfa14806d0dd81c404f932_count_157.jpg
C:\Users\172634\projects\Pipe Counter New\pipe-datasets\1_firts_train.v2-v2.coco\test\IMG-20200722-WA0043_jpg.rf.2ac1badf4cff419448ee03af67a93781.jpg,165,7,C:\Users\172634\projects\Pipe Counter New\pipe-center-counter-poc\runs\field_predictions\0160_IMG-20200722-WA0043_jpg.rf.2ac1badf4cff419448ee03af67a93781_count_165.jpg
C:\Users\172634\projects\Pipe Counter New\pipe-datasets\1_firts_train.v2-v2.coco\test\IMG-20200722-WA0065_jpg.rf.e902f3a444a3ce4c256bd069ec7da1b7.jpg,239,67,C:\Users\172634\projects\Pipe Counter New\pipe-center-counter-poc\runs\field_predictions\0161_IMG-20200722-WA0065_jpg.rf.e902f3a444a3ce4c256bd069ec7da1b7_count_239.jpg
C:\Users\172634\projects\Pipe Counter New\pipe-datasets\1_firts_train.v2-v2.coco\test\IMG20201105135012_jpg.rf.d4cc263acdd385095a32359ce14c97bb.jpg,350,76,C:\Users\172634\projects\Pipe Counter New\pipe-center-counter-poc\runs\field_predictions\0162_IMG20201105135012_jpg.rf.d4cc263acdd385095a32359ce14c97bb_count_350.jpg
C:\Users\172634\projects\Pipe Counter New\pipe-datasets\1_firts_train.v2-v2.coco\test\IMG20201105135027_jpg.rf.8b210153dafa5835d60c3370aadddf04.jpg,127,28,C:\Users\172634\projects\Pipe Counter New\pipe-center-counter-poc\runs\field_predictions\0163_IMG20201105135027_jpg.rf.8b210153dafa5835d60c3370aadddf04_count_127.jpg
C:\Users\172634\projects\Pipe Counter New\pipe-datasets\1_firts_train.v2-v2.coco\test\IMG20201105151553_jpg.rf.8eff37fc9d0613efa1edefe704ae16bf.jpg,66,13,C:\Users\172634\projects\Pipe Counter New\pipe-center-counter-poc\runs\field_predictions\0164_IMG20201105151553_jpg.rf.8eff37fc9d0613efa1edefe704ae16bf_count_66.jpg
C:\Users\172634\projects\Pipe Counter New\pipe-datasets\1_firts_train.v2-v2.coco\test\IMG20201111145741_jpg.rf.49987ce4f43c55960b9d557c4d627f07.jpg,998,395,C:\Users\172634\projects\Pipe Counter New\pipe-center-counter-poc\runs\field_predictions\0165_IMG20201111145741_jpg.rf.49987ce4f43c55960b9d557c4d627f07_count_998.jpg
C:\Users\172634\projects\Pipe Counter New\pipe-datasets\1_firts_train.v2-v2.coco\test\IMG_20220712_103352_jpg.rf.7d4928e9f8de09fa6e76e4521dc53cad.jpg,16,1,C:\Users\172634\projects\Pipe Counter New\pipe-center-counter-poc\runs\field_predictions\0166_IMG_20220712_103352_jpg.rf.7d4928e9f8de09fa6e76e4521dc53cad_count_16.jpg
C:\Users\172634\projects\Pipe Counter New\pipe-datasets\1_firts_train.v2-v2.coco\test\IMG_20220712_103740_jpg.rf.825214ea94da2a6f322a865ee9b71c26.jpg,7,4,C:\Users\172634\projects\Pipe Counter New\pipe-center-counter-poc\runs\field_predictions\0167_IMG_20220712_103740_jpg.rf.825214ea94da2a6f322a865ee9b71c26_count_7.jpg
C:\Users\172634\projects\Pipe Counter New\pipe-datasets\1_firts_train.v2-v2.coco\test\IMG_20220712_104101_jpg.rf.dbbd12e9cac02029d43f68aa8ede1386.jpg,36,3,C:\Users\172634\projects\Pipe Counter New\pipe-center-counter-poc\runs\field_predictions\0168_IMG_20220712_104101_jpg.rf.dbbd12e9cac02029d43f68aa8ede1386_count_36.jpg
C:\Users\172634\projects\Pipe Counter New\pipe-datasets\1_firts_train.v2-v2.coco\test\IMG_20220718_105844_jpg.rf.fdec9c3d4166de566e13d65d6a653734.jpg,18,3,C:\Users\172634\projects\Pipe Counter New\pipe-center-counter-poc\runs\field_predictions\0169_IMG_20220718_105844_jpg.rf.fdec9c3d4166de566e13d65d6a653734_count_18.jpg
C:\Users\172634\projects\Pipe Counter New\pipe-datasets\1_firts_train.v2-v2.coco\test\IMG_20220719_143307_jpg.rf.5cd9f95b2b13e84c571c405feecef604.jpg,3,0,C:\Users\172634\projects\Pipe Counter New\pipe-center-counter-poc\runs\field_predictions\0170_IMG_20220719_143307_jpg.rf.5cd9f95b2b13e84c571c405feecef604_count_3.jpg
C:\Users\172634\projects\Pipe Counter New\pipe-datasets\1_firts_train.v2-v2.coco\test\IMG_20220719_143307_jpg.rf.c6f12a0e1697bfaadc9698ae609be8d4.jpg,3,0,C:\Users\172634\projects\Pipe Counter New\pipe-center-counter-poc\runs\field_predictions\0171_IMG_20220719_143307_jpg.rf.c6f12a0e1697bfaadc9698ae609be8d4_count_3.jpg
C:\Users\172634\projects\Pipe Counter New\pipe-datasets\1_firts_train.v2-v2.coco\test\IMG_20220726_095033_jpg.rf.c8d832be6fd8ab5bf113b66a66c69994.jpg,23,1,C:\Users\172634\projects\Pipe Counter New\pipe-center-counter-poc\runs\field_predictions\0172_IMG_20220726_095033_jpg.rf.c8d832be6fd8ab5bf113b66a66c69994_count_23.jpg
C:\Users\172634\projects\Pipe Counter New\pipe-datasets\1_firts_train.v2-v2.coco\test\IMG_20221026_150302_jpg.rf.a94ef347a501ef4ae3e9118dbb052a68.jpg,138,39,C:\Users\172634\projects\Pipe Counter New\pipe-center-counter-poc\runs\field_predictions\0173_IMG_20221026_150302_jpg.rf.a94ef347a501ef4ae3e9118dbb052a68_count_138.jpg
C:\Users\172634\projects\Pipe Counter New\pipe-datasets\1_firts_train.v2-v2.coco\test\IMG_20221026_150757_jpg.rf.50004d6fae8ea7278beae7756f833b79.jpg,26,2,C:\Users\172634\projects\Pipe Counter New\pipe-center-counter-poc\runs\field_predictions\0174_IMG_20221026_150757_jpg.rf.50004d6fae8ea7278beae7756f833b79_count_26.jpg
C:\Users\172634\projects\Pipe Counter New\pipe-datasets\1_firts_train.v2-v2.coco\test\IMG_20221102_145807_1_jpg.rf.d258157c81f3a8b60c79c6ba8bd109e2.jpg,44,19,C:\Users\172634\projects\Pipe Counter New\pipe-center-counter-poc\runs\field_predictions\0175_IMG_20221102_145807_1_jpg.rf.d258157c81f3a8b60c79c6ba8bd109e2_count_44.jpg
C:\Users\172634\projects\Pipe Counter New\pipe-datasets\1_firts_train.v2-v2.coco\test\IMG_20221102_145834_1_jpg.rf.dd373978725768d4c317fec1b4a6fe7d.jpg,28,1,C:\Users\172634\projects\Pipe Counter New\pipe-center-counter-poc\runs\field_predictions\0176_IMG_20221102_145834_1_jpg.rf.dd373978725768d4c317fec1b4a6fe7d_count_28.jpg
C:\Users\172634\projects\Pipe Counter New\pipe-datasets\1_firts_train.v2-v2.coco\test\IMG_20221102_151023_1_jpg.rf.806d78562a7383e6541e48046fb91bf2.jpg,18,0,C:\Users\172634\projects\Pipe Counter New\pipe-center-counter-poc\runs\field_predictions\0177_IMG_20221102_151023_1_jpg.rf.806d78562a7383e6541e48046fb91bf2_count_18.jpg
C:\Users\172634\projects\Pipe Counter New\pipe-datasets\1_firts_train.v2-v2.coco\test\IMG_20221102_151243_1_jpg.rf.b7b1455ead82f03cf10772d460f64180.jpg,27,1,C:\Users\172634\projects\Pipe Counter New\pipe-center-counter-poc\runs\field_predictions\0178_IMG_20221102_151243_1_jpg.rf.b7b1455ead82f03cf10772d460f64180_count_27.jpg
C:\Users\172634\projects\Pipe Counter New\pipe-datasets\1_firts_train.v2-v2.coco\test\IMG_20221102_151842_jpg.rf.9844e87477b739e97a78c881d73f8466.jpg,19,7,C:\Users\172634\projects\Pipe Counter New\pipe-center-counter-poc\runs\field_predictions\0179_IMG_20221102_151842_jpg.rf.9844e87477b739e97a78c881d73f8466_count_19.jpg
C:\Users\172634\projects\Pipe Counter New\pipe-datasets\1_firts_train.v2-v2.coco\test\IMG_20221102_151842_jpg.rf.c33ea293991578fccdbc5c183562cf44.jpg,19,5,C:\Users\172634\projects\Pipe Counter New\pipe-center-counter-poc\runs\field_predictions\0180_IMG_20221102_151842_jpg.rf.c33ea293991578fccdbc5c183562cf44_count_19.jpg
C:\Users\172634\projects\Pipe Counter New\pipe-datasets\1_firts_train.v2-v2.coco\test\IMG_20221102_151852_1_jpg.rf.bf7864490ecba6aad892bce7966b7f96.jpg,19,6,C:\Users\172634\projects\Pipe Counter New\pipe-center-counter-poc\runs\field_predictions\0181_IMG_20221102_151852_1_jpg.rf.bf7864490ecba6aad892bce7966b7f96_count_19.jpg
C:\Users\172634\projects\Pipe Counter New\pipe-datasets\1_firts_train.v2-v2.coco\test\IMG_20221102_151937_1_jpg.rf.c14b2c731de083b921bbb46d19c94fe2.jpg,33,10,C:\Users\172634\projects\Pipe Counter New\pipe-center-counter-poc\runs\field_predictions\0182_IMG_20221102_151937_1_jpg.rf.c14b2c731de083b921bbb46d19c94fe2_count_33.jpg
C:\Users\172634\projects\Pipe Counter New\pipe-datasets\1_firts_train.v2-v2.coco\test\IMG_6491_jpg.rf.d01e2f698349dbe744e2229693ba00ec.jpg,280,53,C:\Users\172634\projects\Pipe Counter New\pipe-center-counter-poc\runs\field_predictions\0183_IMG_6491_jpg.rf.d01e2f698349dbe744e2229693ba00ec_count_280.jpg
C:\Users\172634\projects\Pipe Counter New\pipe-datasets\1_firts_train.v2-v2.coco\test\IMG_6494_jpg.rf.5dec084c6c5508dd59277d6afe95f5f9.jpg,122,34,C:\Users\172634\projects\Pipe Counter New\pipe-center-counter-poc\runs\field_predictions\0184_IMG_6494_jpg.rf.5dec084c6c5508dd59277d6afe95f5f9_count_122.jpg
C:\Users\172634\projects\Pipe Counter New\pipe-datasets\1_firts_train.v2-v2.coco\test\IMG_6496_jpg.rf.e6e2a2256793596799f5ef918dd9846e.jpg,79,14,C:\Users\172634\projects\Pipe Counter New\pipe-center-counter-poc\runs\field_predictions\0185_IMG_6496_jpg.rf.e6e2a2256793596799f5ef918dd9846e_count_79.jpg
C:\Users\172634\projects\Pipe Counter New\pipe-datasets\1_firts_train.v2-v2.coco\test\IMG_6505_jpg.rf.08b6d3349e58e0442264fec3c19a2d65.jpg,23,0,C:\Users\172634\projects\Pipe Counter New\pipe-center-counter-poc\runs\field_predictions\0186_IMG_6505_jpg.rf.08b6d3349e58e0442264fec3c19a2d65_count_23.jpg
C:\Users\172634\projects\Pipe Counter New\pipe-datasets\1_firts_train.v2-v2.coco\test\IMG_6505_jpg.rf.b8cb29154bab751286e18d3a1e9048db.jpg,22,0,C:\Users\172634\projects\Pipe Counter New\pipe-center-counter-poc\runs\field_predictions\0187_IMG_6505_jpg.rf.b8cb29154bab751286e18d3a1e9048db_count_22.jpg
C:\Users\172634\projects\Pipe Counter New\pipe-datasets\1_firts_train.v2-v2.coco\test\IMG_6522_jpg.rf.4fa332fda64f4c6f09874198ceacd596.jpg,223,69,C:\Users\172634\projects\Pipe Counter New\pipe-center-counter-poc\runs\field_predictions\0188_IMG_6522_jpg.rf.4fa332fda64f4c6f09874198ceacd596_count_223.jpg
C:\Users\172634\projects\Pipe Counter New\pipe-datasets\1_firts_train.v2-v2.coco\test\IMG_6524_jpg.rf.5d548e5ab9a55e0f4fe81459c331bda8.jpg,177,23,C:\Users\172634\projects\Pipe Counter New\pipe-center-counter-poc\runs\field_predictions\0189_IMG_6524_jpg.rf.5d548e5ab9a55e0f4fe81459c331bda8_count_177.jpg
C:\Users\172634\projects\Pipe Counter New\pipe-datasets\1_firts_train.v2-v2.coco\test\IMG_6546_jpg.rf.29c0aae180ff21799d5b34bcc25a005d.jpg,43,9,C:\Users\172634\projects\Pipe Counter New\pipe-center-counter-poc\runs\field_predictions\0190_IMG_6546_jpg.rf.29c0aae180ff21799d5b34bcc25a005d_count_43.jpg
C:\Users\172634\projects\Pipe Counter New\pipe-datasets\1_firts_train.v2-v2.coco\test\IMG_6602_jpg.rf.6033530d02a94aa5688439e71e87a84e.jpg,38,7,C:\Users\172634\projects\Pipe Counter New\pipe-center-counter-poc\runs\field_predictions\0191_IMG_6602_jpg.rf.6033530d02a94aa5688439e71e87a84e_count_38.jpg
C:\Users\172634\projects\Pipe Counter New\pipe-datasets\1_firts_train.v2-v2.coco\test\IMG_6602_jpg.rf.737ef42c5d07068333228baa725041d8.jpg,37,6,C:\Users\172634\projects\Pipe Counter New\pipe-center-counter-poc\runs\field_predictions\0192_IMG_6602_jpg.rf.737ef42c5d07068333228baa725041d8_count_37.jpg
C:\Users\172634\projects\Pipe Counter New\pipe-datasets\1_firts_train.v2-v2.coco\test\IMG_6605_jpg.rf.8008aa532a6c10ad2c5147dd4090c143.jpg,69,16,C:\Users\172634\projects\Pipe Counter New\pipe-center-counter-poc\runs\field_predictions\0193_IMG_6605_jpg.rf.8008aa532a6c10ad2c5147dd4090c143_count_69.jpg
C:\Users\172634\projects\Pipe Counter New\pipe-datasets\1_firts_train.v2-v2.coco\test\istockphoto-1013661458-612x612_jpg.rf.beac851d219e32e55bf39e44b616c41c.jpg,73,14,C:\Users\172634\projects\Pipe Counter New\pipe-center-counter-poc\runs\field_predictions\0194_istockphoto-1013661458-612x612_jpg.rf.beac851d219e32e55bf39e44b616c41c_count_73.jpg
C:\Users\172634\projects\Pipe Counter New\pipe-datasets\1_firts_train.v2-v2.coco\test\istockphoto-1133891069-612x612_jpg.rf.71c51a037abe9608b8a03f405caaaf9b.jpg,28,7,C:\Users\172634\projects\Pipe Counter New\pipe-center-counter-poc\runs\field_predictions\0195_istockphoto-1133891069-612x612_jpg.rf.71c51a037abe9608b8a03f405caaaf9b_count_28.jpg
C:\Users\172634\projects\Pipe Counter New\pipe-datasets\1_firts_train.v2-v2.coco\test\istockphoto-1137306858-612x612_jpg.rf.395710d91fe6247744768501c6ce6ffa.jpg,102,14,C:\Users\172634\projects\Pipe Counter New\pipe-center-counter-poc\runs\field_predictions\0196_istockphoto-1137306858-612x612_jpg.rf.395710d91fe6247744768501c6ce6ffa_count_102.jpg
C:\Users\172634\projects\Pipe Counter New\pipe-datasets\1_firts_train.v2-v2.coco\test\istockphoto-1147058046-612x612_jpg.rf.72acab47902097638947db9ec44fce8e.jpg,164,65,C:\Users\172634\projects\Pipe Counter New\pipe-center-counter-poc\runs\field_predictions\0197_istockphoto-1147058046-612x612_jpg.rf.72acab47902097638947db9ec44fce8e_count_164.jpg
C:\Users\172634\projects\Pipe Counter New\pipe-datasets\1_firts_train.v2-v2.coco\test\istockphoto-1152976477-612x612_jpg.rf.2b36659081cf4f56112c6b2863174dda.jpg,78,20,C:\Users\172634\projects\Pipe Counter New\pipe-center-counter-poc\runs\field_predictions\0198_istockphoto-1152976477-612x612_jpg.rf.2b36659081cf4f56112c6b2863174dda_count_78.jpg
C:\Users\172634\projects\Pipe Counter New\pipe-datasets\1_firts_train.v2-v2.coco\test\istockphoto-1166638068-612x612_jpg.rf.db1a4de2596d516e4c44c36f198bdf6a.jpg,49,11,C:\Users\172634\projects\Pipe Counter New\pipe-center-counter-poc\runs\field_predictions\0199_istockphoto-1166638068-612x612_jpg.rf.db1a4de2596d516e4c44c36f198bdf6a_count_49.jpg
C:\Users\172634\projects\Pipe Counter New\pipe-datasets\1_firts_train.v2-v2.coco\test\istockphoto-1185478530-612x612_jpg.rf.0bf32de55e80b305f4795c90c13b79ea.jpg,2,0,C:\Users\172634\projects\Pipe Counter New\pipe-center-counter-poc\runs\field_predictions\0200_istockphoto-1185478530-612x612_jpg.rf.0bf32de55e80b305f4795c90c13b79ea_count_2.jpg
C:\Users\172634\projects\Pipe Counter New\pipe-datasets\1_firts_train.v2-v2.coco\test\istockphoto-1185478530-612x612_jpg.rf.e4df02b667de0307a10f7c023d2c139b.jpg,1,0,C:\Users\172634\projects\Pipe Counter New\pipe-center-counter-poc\runs\field_predictions\0201_istockphoto-1185478530-612x612_jpg.rf.e4df02b667de0307a10f7c023d2c139b_count_1.jpg
C:\Users\172634\projects\Pipe Counter New\pipe-datasets\1_firts_train.v2-v2.coco\test\istockphoto-1195379915-612x612_jpg.rf.6fc2abfdf28afaeca2c02544d21b6369.jpg,102,6,C:\Users\172634\projects\Pipe Counter New\pipe-center-counter-poc\runs\field_predictions\0202_istockphoto-1195379915-612x612_jpg.rf.6fc2abfdf28afaeca2c02544d21b6369_count_102.jpg
C:\Users\172634\projects\Pipe Counter New\pipe-datasets\1_firts_train.v2-v2.coco\test\istockphoto-1251439699-612x612_jpg.rf.b1f2d32943e73139b1e7cbd23cbbfc7c.jpg,64,0,C:\Users\172634\projects\Pipe Counter New\pipe-center-counter-poc\runs\field_predictions\0203_istockphoto-1251439699-612x612_jpg.rf.b1f2d32943e73139b1e7cbd23cbbfc7c_count_64.jpg
C:\Users\172634\projects\Pipe Counter New\pipe-datasets\1_firts_train.v2-v2.coco\test\istockphoto-1255580477-1024x1024_jpg.rf.f7d9bcc990ec4e17da02832e275a336f.jpg,18,0,C:\Users\172634\projects\Pipe Counter New\pipe-center-counter-poc\runs\field_predictions\0204_istockphoto-1255580477-1024x1024_jpg.rf.f7d9bcc990ec4e17da02832e275a336f_count_18.jpg
C:\Users\172634\projects\Pipe Counter New\pipe-datasets\1_firts_train.v2-v2.coco\test\istockphoto-1271290730-612x612_jpg.rf.d3559ae257a110fb0142280337ec7f6a.jpg,25,0,C:\Users\172634\projects\Pipe Counter New\pipe-center-counter-poc\runs\field_predictions\0205_istockphoto-1271290730-612x612_jpg.rf.d3559ae257a110fb0142280337ec7f6a_count_25.jpg
C:\Users\172634\projects\Pipe Counter New\pipe-datasets\1_firts_train.v2-v2.coco\test\istockphoto-1311058937-612x612_jpg.rf.1b2d2cb100ab93729b7abdc2e1c9e829.jpg,76,44,C:\Users\172634\projects\Pipe Counter New\pipe-center-counter-poc\runs\field_predictions\0206_istockphoto-1311058937-612x612_jpg.rf.1b2d2cb100ab93729b7abdc2e1c9e829_count_76.jpg
C:\Users\172634\projects\Pipe Counter New\pipe-datasets\1_firts_train.v2-v2.coco\test\istockphoto-1313988596-612x612_jpg.rf.62a53963cc900d7f69b382b12f1f7c5e.jpg,70,0,C:\Users\172634\projects\Pipe Counter New\pipe-center-counter-poc\runs\field_predictions\0207_istockphoto-1313988596-612x612_jpg.rf.62a53963cc900d7f69b382b12f1f7c5e_count_70.jpg
C:\Users\172634\projects\Pipe Counter New\pipe-datasets\1_firts_train.v2-v2.coco\test\istockphoto-1319044732-612x612_jpg.rf.8bddcc5e751ab60546a0b86dfb7a6ed5.jpg,69,8,C:\Users\172634\projects\Pipe Counter New\pipe-center-counter-poc\runs\field_predictions\0208_istockphoto-1319044732-612x612_jpg.rf.8bddcc5e751ab60546a0b86dfb7a6ed5_count_69.jpg
C:\Users\172634\projects\Pipe Counter New\pipe-datasets\1_firts_train.v2-v2.coco\test\istockphoto-1323459601-612x612_jpg.rf.46b9578ef89d71f40aa8020448453bae.jpg,51,2,C:\Users\172634\projects\Pipe Counter New\pipe-center-counter-poc\runs\field_predictions\0209_istockphoto-1323459601-612x612_jpg.rf.46b9578ef89d71f40aa8020448453bae_count_51.jpg
C:\Users\172634\projects\Pipe Counter New\pipe-datasets\1_firts_train.v2-v2.coco\test\istockphoto-1328706139-612x612_jpg.rf.d14e5df384e64cc09558c7cd215ff5c4.jpg,61,13,C:\Users\172634\projects\Pipe Counter New\pipe-center-counter-poc\runs\field_predictions\0210_istockphoto-1328706139-612x612_jpg.rf.d14e5df384e64cc09558c7cd215ff5c4_count_61.jpg
C:\Users\172634\projects\Pipe Counter New\pipe-datasets\1_firts_train.v2-v2.coco\test\istockphoto-1329219900-612x612_jpg.rf.5f64a7027eae069a2a36347496a0149f.jpg,6,2,C:\Users\172634\projects\Pipe Counter New\pipe-center-counter-poc\runs\field_predictions\0211_istockphoto-1329219900-612x612_jpg.rf.5f64a7027eae069a2a36347496a0149f_count_6.jpg
C:\Users\172634\projects\Pipe Counter New\pipe-datasets\1_firts_train.v2-v2.coco\test\istockphoto-1333035921-612x612_jpg.rf.bcf5d52d7a2161cb86472f51baee233c.jpg,15,0,C:\Users\172634\projects\Pipe Counter New\pipe-center-counter-poc\runs\field_predictions\0212_istockphoto-1333035921-612x612_jpg.rf.bcf5d52d7a2161cb86472f51baee233c_count_15.jpg
C:\Users\172634\projects\Pipe Counter New\pipe-datasets\1_firts_train.v2-v2.coco\test\istockphoto-1344083904-612x612_jpg.rf.190adb6a814daa30fd3a03d1f84ad692.jpg,39,22,C:\Users\172634\projects\Pipe Counter New\pipe-center-counter-poc\runs\field_predictions\0213_istockphoto-1344083904-612x612_jpg.rf.190adb6a814daa30fd3a03d1f84ad692_count_39.jpg
C:\Users\172634\projects\Pipe Counter New\pipe-datasets\1_firts_train.v2-v2.coco\test\istockphoto-1344083904-612x612_jpg.rf.ca5a817505cc8c9823f0e7ab5b8fb2b1.jpg,35,0,C:\Users\172634\projects\Pipe Counter New\pipe-center-counter-poc\runs\field_predictions\0214_istockphoto-1344083904-612x612_jpg.rf.ca5a817505cc8c9823f0e7ab5b8fb2b1_count_35.jpg
C:\Users\172634\projects\Pipe Counter New\pipe-datasets\1_firts_train.v2-v2.coco\test\istockphoto-155385671-612x612_jpg.rf.3c729f4ca26d06963826311f7829210c.jpg,17,0,C:\Users\172634\projects\Pipe Counter New\pipe-center-counter-poc\runs\field_predictions\0215_istockphoto-155385671-612x612_jpg.rf.3c729f4ca26d06963826311f7829210c_count_17.jpg
C:\Users\172634\projects\Pipe Counter New\pipe-datasets\1_firts_train.v2-v2.coco\test\istockphoto-171251846-612x612_jpg.rf.76499c7355e073da4dba2f3a59afec39.jpg,90,5,C:\Users\172634\projects\Pipe Counter New\pipe-center-counter-poc\runs\field_predictions\0216_istockphoto-171251846-612x612_jpg.rf.76499c7355e073da4dba2f3a59afec39_count_90.jpg
C:\Users\172634\projects\Pipe Counter New\pipe-datasets\1_firts_train.v2-v2.coco\test\istockphoto-172916127-612x612_jpg.rf.3e197acf8ba465323dc7125b4296f56b.jpg,9,1,C:\Users\172634\projects\Pipe Counter New\pipe-center-counter-poc\runs\field_predictions\0217_istockphoto-172916127-612x612_jpg.rf.3e197acf8ba465323dc7125b4296f56b_count_9.jpg
C:\Users\172634\projects\Pipe Counter New\pipe-datasets\1_firts_train.v2-v2.coco\test\istockphoto-172965213-612x612_jpg.rf.5ece99eef7f2920e8d7048bddefd2931.jpg,3,0,C:\Users\172634\projects\Pipe Counter New\pipe-center-counter-poc\runs\field_predictions\0218_istockphoto-172965213-612x612_jpg.rf.5ece99eef7f2920e8d7048bddefd2931_count_3.jpg
C:\Users\172634\projects\Pipe Counter New\pipe-datasets\1_firts_train.v2-v2.coco\test\istockphoto-182440412-612x612_jpg.rf.be6b75747a25508e6fac3a0ffee02cd3.jpg,10,2,C:\Users\172634\projects\Pipe Counter New\pipe-center-counter-poc\runs\field_predictions\0219_istockphoto-182440412-612x612_jpg.rf.be6b75747a25508e6fac3a0ffee02cd3_count_10.jpg
C:\Users\172634\projects\Pipe Counter New\pipe-datasets\1_firts_train.v2-v2.coco\test\istockphoto-503563320-612x612_jpg.rf.cf1bd42144e3797c5c31e504865986ff.jpg,35,6,C:\Users\172634\projects\Pipe Counter New\pipe-center-counter-poc\runs\field_predictions\0220_istockphoto-503563320-612x612_jpg.rf.cf1bd42144e3797c5c31e504865986ff_count_35.jpg
C:\Users\172634\projects\Pipe Counter New\pipe-datasets\1_firts_train.v2-v2.coco\test\istockphoto-513822493-612x612_jpg.rf.20042c161e2103729580a9c6d7c1eb96.jpg,82,10,C:\Users\172634\projects\Pipe Counter New\pipe-center-counter-poc\runs\field_predictions\0221_istockphoto-513822493-612x612_jpg.rf.20042c161e2103729580a9c6d7c1eb96_count_82.jpg
C:\Users\172634\projects\Pipe Counter New\pipe-datasets\1_firts_train.v2-v2.coco\test\istockphoto-672445612-612x612_jpg.rf.23d248ac4e7aaea32e0bee06a9e01875.jpg,21,0,C:\Users\172634\projects\Pipe Counter New\pipe-center-counter-poc\runs\field_predictions\0222_istockphoto-672445612-612x612_jpg.rf.23d248ac4e7aaea32e0bee06a9e01875_count_21.jpg
C:\Users\172634\projects\Pipe Counter New\pipe-datasets\1_firts_train.v2-v2.coco\test\istockphoto-975521718-612x612_jpg.rf.0ad481301c2e5e3bd80777252f086f85.jpg,0,0,C:\Users\172634\projects\Pipe Counter New\pipe-center-counter-poc\runs\field_predictions\0223_istockphoto-975521718-612x612_jpg.rf.0ad481301c2e5e3bd80777252f086f85_count_0.jpg
C:\Users\172634\projects\Pipe Counter New\pipe-datasets\1_firts_train.v2-v2.coco\test\k-28-_jpg.rf.9065135e6a9628549f846cf606c49d86.jpg,1803,607,C:\Users\172634\projects\Pipe Counter New\pipe-center-counter-poc\runs\field_predictions\0224_k-28-_jpg.rf.9065135e6a9628549f846cf606c49d86_count_1803.jpg
C:\Users\172634\projects\Pipe Counter New\pipe-datasets\1_firts_train.v2-v2.coco\test\nullObject2_png_jpg.rf.00304aaac2fa84b48c2494fe217b24a5.jpg,0,0,C:\Users\172634\projects\Pipe Counter New\pipe-center-counter-poc\runs\field_predictions\0225_nullObject2_png_jpg.rf.00304aaac2fa84b48c2494fe217b24a5_count_0.jpg
C:\Users\172634\projects\Pipe Counter New\pipe-datasets\1_firts_train.v2-v2.coco\test\OIP-1-_jpeg_jpg.rf.64feb5c5defdeffae27095055474e200.jpg,231,67,C:\Users\172634\projects\Pipe Counter New\pipe-center-counter-poc\runs\field_predictions\0226_OIP-1-_jpeg_jpg.rf.64feb5c5defdeffae27095055474e200_count_231.jpg
C:\Users\172634\projects\Pipe Counter New\pipe-datasets\1_firts_train.v2-v2.coco\test\orange-pvc-pipes-stacked-construction-site-orange-pvc-pipes-stacked-construction-site-144508907_jpg.rf.66f3619bb03b397b04bbe5147c2aa2e7.jpg,22,3,C:\Users\172634\projects\Pipe Counter New\pipe-center-counter-poc\runs\field_predictions\0227_orange-pvc-pipes-stacked-construction-site-orange-pvc-pipes-stacked-construction-site-144508907_jpg.rf.66f3619bb03b397b04bbe5147c2aa2e7_count_22.jpg
C:\Users\172634\projects\Pipe Counter New\pipe-datasets\1_firts_train.v2-v2.coco\test\P1070325_JPG_jpg.rf.05f6fb17f593582fe9a0d8ec608ef77a.jpg,50,0,C:\Users\172634\projects\Pipe Counter New\pipe-center-counter-poc\runs\field_predictions\0228_P1070325_JPG_jpg.rf.05f6fb17f593582fe9a0d8ec608ef77a_count_50.jpg
C:\Users\172634\projects\Pipe Counter New\pipe-datasets\1_firts_train.v2-v2.coco\test\P1070449_JPG_jpg.rf.8cef5749078e3422816bec9004b190c9.jpg,50,0,C:\Users\172634\projects\Pipe Counter New\pipe-center-counter-poc\runs\field_predictions\0229_P1070449_JPG_jpg.rf.8cef5749078e3422816bec9004b190c9_count_50.jpg
C:\Users\172634\projects\Pipe Counter New\pipe-datasets\1_firts_train.v2-v2.coco\test\P1070598_JPG_jpg.rf.6b2f8528a43b6438b71b2e37379ad5a1.jpg,47,7,C:\Users\172634\projects\Pipe Counter New\pipe-center-counter-poc\runs\field_predictions\0230_P1070598_JPG_jpg.rf.6b2f8528a43b6438b71b2e37379ad5a1_count_47.jpg
C:\Users\172634\projects\Pipe Counter New\pipe-datasets\1_firts_train.v2-v2.coco\test\P1070730_JPG_jpg.rf.bf28ae65dcfacc5aaac563ef7c4c1dfb.jpg,46,8,C:\Users\172634\projects\Pipe Counter New\pipe-center-counter-poc\runs\field_predictions\0231_P1070730_JPG_jpg.rf.bf28ae65dcfacc5aaac563ef7c4c1dfb_count_46.jpg
C:\Users\172634\projects\Pipe Counter New\pipe-datasets\1_firts_train.v2-v2.coco\test\P1350938_JPG_jpg.rf.3f6b0788623a349130458b54df473369.jpg,0,0,C:\Users\172634\projects\Pipe Counter New\pipe-center-counter-poc\runs\field_predictions\0232_P1350938_JPG_jpg.rf.3f6b0788623a349130458b54df473369_count_0.jpg
C:\Users\172634\projects\Pipe Counter New\pipe-datasets\1_firts_train.v2-v2.coco\test\P1350958_JPG_jpg.rf.bcc76e1cf8498bb6580d3d65c7912c63.jpg,0,0,C:\Users\172634\projects\Pipe Counter New\pipe-center-counter-poc\runs\field_predictions\0233_P1350958_JPG_jpg.rf.bcc76e1cf8498bb6580d3d65c7912c63_count_0.jpg
C:\Users\172634\projects\Pipe Counter New\pipe-datasets\1_firts_train.v2-v2.coco\test\P1360028_JPG_jpg.rf.f5eb9cd91f329c41da7200a9fb52b966.jpg,1,0,C:\Users\172634\projects\Pipe Counter New\pipe-center-counter-poc\runs\field_predictions\0234_P1360028_JPG_jpg.rf.f5eb9cd91f329c41da7200a9fb52b966_count_1.jpg
C:\Users\172634\projects\Pipe Counter New\pipe-datasets\1_firts_train.v2-v2.coco\test\P1360161_JPG_jpg.rf.715a1ceda33ae7da4dce7c7985409935.jpg,0,0,C:\Users\172634\projects\Pipe Counter New\pipe-center-counter-poc\runs\field_predictions\0235_P1360161_JPG_jpg.rf.715a1ceda33ae7da4dce7c7985409935_count_0.jpg
C:\Users\172634\projects\Pipe Counter New\pipe-datasets\1_firts_train.v2-v2.coco\test\P1510947_JPG_jpg.rf.47a482b1fc7753575249e191f3845bdb.jpg,51,17,C:\Users\172634\projects\Pipe Counter New\pipe-center-counter-poc\runs\field_predictions\0236_P1510947_JPG_jpg.rf.47a482b1fc7753575249e191f3845bdb_count_51.jpg
C:\Users\172634\projects\Pipe Counter New\pipe-datasets\1_firts_train.v2-v2.coco\test\P1520053_JPG_jpg.rf.f54e4335924215eed0aca49e8f14135b.jpg,59,1,C:\Users\172634\projects\Pipe Counter New\pipe-center-counter-poc\runs\field_predictions\0237_P1520053_JPG_jpg.rf.f54e4335924215eed0aca49e8f14135b_count_59.jpg
C:\Users\172634\projects\Pipe Counter New\pipe-datasets\1_firts_train.v2-v2.coco\test\P1520333_JPG_jpg.rf.fba22195fe6a19fd46bd0e3184858e25.jpg,56,1,C:\Users\172634\projects\Pipe Counter New\pipe-center-counter-poc\runs\field_predictions\0238_P1520333_JPG_jpg.rf.fba22195fe6a19fd46bd0e3184858e25_count_56.jpg
C:\Users\172634\projects\Pipe Counter New\pipe-datasets\1_firts_train.v2-v2.coco\test\p15_jpg.rf.e1a525fec5e7172cb024c89975266bec.jpg,41,15,C:\Users\172634\projects\Pipe Counter New\pipe-center-counter-poc\runs\field_predictions\0239_p15_jpg.rf.e1a525fec5e7172cb024c89975266bec_count_41.jpg
C:\Users\172634\projects\Pipe Counter New\pipe-datasets\1_firts_train.v2-v2.coco\test\p2_jpg.rf.a757d9b2d09bbbe24d417aa0a7b48265.jpg,37,3,C:\Users\172634\projects\Pipe Counter New\pipe-center-counter-poc\runs\field_predictions\0240_p2_jpg.rf.a757d9b2d09bbbe24d417aa0a7b48265_count_37.jpg
C:\Users\172634\projects\Pipe Counter New\pipe-datasets\1_firts_train.v2-v2.coco\test\p9_jpg.rf.25931610f7da1923d97ab7753e65efec.jpg,44,12,C:\Users\172634\projects\Pipe Counter New\pipe-center-counter-poc\runs\field_predictions\0241_p9_jpg.rf.25931610f7da1923d97ab7753e65efec_count_44.jpg
C:\Users\172634\projects\Pipe Counter New\pipe-datasets\1_firts_train.v2-v2.coco\test\Photo-rack-5_PNG_jpg.rf.a7ba4ad93411f7ce45bca6f4c2c22bdc.jpg,48,1,C:\Users\172634\projects\Pipe Counter New\pipe-center-counter-poc\runs\field_predictions\0242_Photo-rack-5_PNG_jpg.rf.a7ba4ad93411f7ce45bca6f4c2c22bdc_count_48.jpg
C:\Users\172634\projects\Pipe Counter New\pipe-datasets\1_firts_train.v2-v2.coco\test\Picture1_jpg.rf.1255582ba935bf01859bea2d64e14615.jpg,25,7,C:\Users\172634\projects\Pipe Counter New\pipe-center-counter-poc\runs\field_predictions\0243_Picture1_jpg.rf.1255582ba935bf01859bea2d64e14615_count_25.jpg
C:\Users\172634\projects\Pipe Counter New\pipe-datasets\1_firts_train.v2-v2.coco\test\pile-concrete-pipes-pile-concrete-pipes-front-construction-area-115277498_jpg.rf.61e7cd41700261f4022388794e7c30ab.jpg,23,0,C:\Users\172634\projects\Pipe Counter New\pipe-center-counter-poc\runs\field_predictions\0244_pile-concrete-pipes-pile-concrete-pipes-front-construction-area-115277498_jpg.rf.61e7cd41700261f4022388794e7c30ab_count_23.jpg
C:\Users\172634\projects\Pipe Counter New\pipe-datasets\1_firts_train.v2-v2.coco\test\Pipe-Piles-Destination-Page_jpg.rf.530b6a7439e3625a43b88f5220faa994.jpg,55,15,C:\Users\172634\projects\Pipe Counter New\pipe-center-counter-poc\runs\field_predictions\0245_Pipe-Piles-Destination-Page_jpg.rf.530b6a7439e3625a43b88f5220faa994_count_55.jpg
C:\Users\172634\projects\Pipe Counter New\pipe-datasets\1_firts_train.v2-v2.coco\test\Pipe-Piles-Destination-Page_jpg.rf.9b5a21fc4cec5058bda536a7277d63ce.jpg,53,16,C:\Users\172634\projects\Pipe Counter New\pipe-center-counter-poc\runs\field_predictions\0246_Pipe-Piles-Destination-Page_jpg.rf.9b5a21fc4cec5058bda536a7277d63ce_count_53.jpg
C:\Users\172634\projects\Pipe Counter New\pipe-datasets\1_firts_train.v2-v2.coco\test\pipe_20230614_id_142394_1686731748475_jpeg_jpg.rf.9ead0504a787086599994ca423de60be.jpg,79,21,C:\Users\172634\projects\Pipe Counter New\pipe-center-counter-poc\runs\field_predictions\0247_pipe_20230614_id_142394_1686731748475_jpeg_jpg.rf.9ead0504a787086599994ca423de60be_count_79.jpg
C:\Users\172634\projects\Pipe Counter New\pipe-datasets\1_firts_train.v2-v2.coco\test\pipe_20230614_id_148509_1686711493634_jpeg_jpg.rf.3e3960a48810094197e4b8c5146dc46c.jpg,94,10,C:\Users\172634\projects\Pipe Counter New\pipe-center-counter-poc\runs\field_predictions\0248_pipe_20230614_id_148509_1686711493634_jpeg_jpg.rf.3e3960a48810094197e4b8c5146dc46c_count_94.jpg
C:\Users\172634\projects\Pipe Counter New\pipe-datasets\1_firts_train.v2-v2.coco\test\pipe_20230614_id_47641_1686706553189_jpeg_jpg.rf.75c3b50416e4f632dfbdb866ece997f5.jpg,48,0,C:\Users\172634\projects\Pipe Counter New\pipe-center-counter-poc\runs\field_predictions\0249_pipe_20230614_id_47641_1686706553189_jpeg_jpg.rf.75c3b50416e4f632dfbdb866ece997f5_count_48.jpg
C:\Users\172634\projects\Pipe Counter New\pipe-datasets\1_firts_train.v2-v2.coco\test\pipe_20230620_id_157033_1687248586997_jpeg_jpg.rf.4d1bfa1ced87d3e026fed7be80161f60.jpg,117,2,C:\Users\172634\projects\Pipe Counter New\pipe-center-counter-poc\runs\field_predictions\0250_pipe_20230620_id_157033_1687248586997_jpeg_jpg.rf.4d1bfa1ced87d3e026fed7be80161f60_count_117.jpg
C:\Users\172634\projects\Pipe Counter New\pipe-datasets\1_firts_train.v2-v2.coco\test\pipe_20230620_id_157033_1687257785229_jpeg_jpg.rf.8cd263112ca3855434dc00cbd4c5960c.jpg,102,4,C:\Users\172634\projects\Pipe Counter New\pipe-center-counter-poc\runs\field_predictions\0251_pipe_20230620_id_157033_1687257785229_jpeg_jpg.rf.8cd263112ca3855434dc00cbd4c5960c_count_102.jpg
C:\Users\172634\projects\Pipe Counter New\pipe-datasets\1_firts_train.v2-v2.coco\test\pipe_20230620_id_157033_1687257824607_jpeg_jpg.rf.82e75f703151c2413125b2e1a2d11c3d.jpg,98,2,C:\Users\172634\projects\Pipe Counter New\pipe-center-counter-poc\runs\field_predictions\0252_pipe_20230620_id_157033_1687257824607_jpeg_jpg.rf.82e75f703151c2413125b2e1a2d11c3d_count_98.jpg
C:\Users\172634\projects\Pipe Counter New\pipe-datasets\1_firts_train.v2-v2.coco\test\pipe_20230621_id_159686_1687325584288_jpeg_jpg.rf.44b12251740ab0144621abfe45435de3.jpg,98,18,C:\Users\172634\projects\Pipe Counter New\pipe-center-counter-poc\runs\field_predictions\0253_pipe_20230621_id_159686_1687325584288_jpeg_jpg.rf.44b12251740ab0144621abfe45435de3_count_98.jpg
C:\Users\172634\projects\Pipe Counter New\pipe-datasets\1_firts_train.v2-v2.coco\test\pipe_20230622_id_157033_1687430076879_jpeg_jpg.rf.8ad5df672ae0c774c61c2145b0fdc5cf.jpg,100,11,C:\Users\172634\projects\Pipe Counter New\pipe-center-counter-poc\runs\field_predictions\0254_pipe_20230622_id_157033_1687430076879_jpeg_jpg.rf.8ad5df672ae0c774c61c2145b0fdc5cf_count_100.jpg
C:\Users\172634\projects\Pipe Counter New\pipe-datasets\1_firts_train.v2-v2.coco\test\pipe_20230622_id_163117_1687447759837_jpeg_jpg.rf.27559cd30a87f54cb095f6ab17995447.jpg,35,3,C:\Users\172634\projects\Pipe Counter New\pipe-center-counter-poc\runs\field_predictions\0255_pipe_20230622_id_163117_1687447759837_jpeg_jpg.rf.27559cd30a87f54cb095f6ab17995447_count_35.jpg
C:\Users\172634\projects\Pipe Counter New\pipe-datasets\1_firts_train.v2-v2.coco\test\pipe_20230623_id_135854_1687503320913_jpeg_jpg.rf.41500746ab59548ecfd473d25aa2fa02.jpg,98,10,C:\Users\172634\projects\Pipe Counter New\pipe-center-counter-poc\runs\field_predictions\0256_pipe_20230623_id_135854_1687503320913_jpeg_jpg.rf.41500746ab59548ecfd473d25aa2fa02_count_98.jpg
C:\Users\172634\projects\Pipe Counter New\pipe-datasets\1_firts_train.v2-v2.coco\test\pipe_20230624_id_165168_1687571181275_jpeg_jpg.rf.0bea30214d31fb1bd3565fa89d181a71.jpg,164,60,C:\Users\172634\projects\Pipe Counter New\pipe-center-counter-poc\runs\field_predictions\0257_pipe_20230624_id_165168_1687571181275_jpeg_jpg.rf.0bea30214d31fb1bd3565fa89d181a71_count_164.jpg
C:\Users\172634\projects\Pipe Counter New\pipe-datasets\1_firts_train.v2-v2.coco\test\pipe_20230625_id_166820_1687658422940_jpeg_jpg.rf.82e11113f53fb784ccd6e346db01268a.jpg,99,33,C:\Users\172634\projects\Pipe Counter New\pipe-center-counter-poc\runs\field_predictions\0258_pipe_20230625_id_166820_1687658422940_jpeg_jpg.rf.82e11113f53fb784ccd6e346db01268a_count_99.jpg
C:\Users\172634\projects\Pipe Counter New\pipe-datasets\1_firts_train.v2-v2.coco\test\pipe_20230625_id_167061_1687678066092_jpeg_jpg.rf.107ba42c4a1e3e605d07c630145f8566.jpg,96,10,C:\Users\172634\projects\Pipe Counter New\pipe-center-counter-poc\runs\field_predictions\0259_pipe_20230625_id_167061_1687678066092_jpeg_jpg.rf.107ba42c4a1e3e605d07c630145f8566_count_96.jpg
C:\Users\172634\projects\Pipe Counter New\pipe-datasets\1_firts_train.v2-v2.coco\test\pipe_20230625_id_167524_1687695042487_jpeg_jpg.rf.6d093a18008d951a96bc8bbd54a57260.jpg,88,10,C:\Users\172634\projects\Pipe Counter New\pipe-center-counter-poc\runs\field_predictions\0260_pipe_20230625_id_167524_1687695042487_jpeg_jpg.rf.6d093a18008d951a96bc8bbd54a57260_count_88.jpg
C:\Users\172634\projects\Pipe Counter New\pipe-datasets\1_firts_train.v2-v2.coco\test\pipe_20230626_id_135854_1687747188927_jpeg_jpg.rf.1b2c0992677587b55cec26dc46544b68.jpg,99,13,C:\Users\172634\projects\Pipe Counter New\pipe-center-counter-poc\runs\field_predictions\0261_pipe_20230626_id_135854_1687747188927_jpeg_jpg.rf.1b2c0992677587b55cec26dc46544b68_count_99.jpg
C:\Users\172634\projects\Pipe Counter New\pipe-datasets\1_firts_train.v2-v2.coco\test\pipe_20230626_id_135854_1687768929214_jpeg_jpg.rf.341363c69aac1e6485f554d8fcabefa5.jpg,80,5,C:\Users\172634\projects\Pipe Counter New\pipe-center-counter-poc\runs\field_predictions\0262_pipe_20230626_id_135854_1687768929214_jpeg_jpg.rf.341363c69aac1e6485f554d8fcabefa5_count_80.jpg
C:\Users\172634\projects\Pipe Counter New\pipe-datasets\1_firts_train.v2-v2.coco\test\pipe_20230626_id_135854_1687775138072_jpeg_jpg.rf.9a7af4ea9ec51294cc8c48501c7ff9e4.jpg,91,5,C:\Users\172634\projects\Pipe Counter New\pipe-center-counter-poc\runs\field_predictions\0263_pipe_20230626_id_135854_1687775138072_jpeg_jpg.rf.9a7af4ea9ec51294cc8c48501c7ff9e4_count_91.jpg
C:\Users\172634\projects\Pipe Counter New\pipe-datasets\1_firts_train.v2-v2.coco\test\pipe_20230626_id_142394_1687738149733_jpeg_jpg.rf.727e3ae0f62e418bf3a3d9c128a19b25.jpg,106,36,C:\Users\172634\projects\Pipe Counter New\pipe-center-counter-poc\runs\field_predictions\0264_pipe_20230626_id_142394_1687738149733_jpeg_jpg.rf.727e3ae0f62e418bf3a3d9c128a19b25_count_106.jpg
C:\Users\172634\projects\Pipe Counter New\pipe-datasets\1_firts_train.v2-v2.coco\test\pipe_20230626_id_142394_1687759564368_jpeg_jpg.rf.cf9d1f93ff529b5bf29f68306d6e3208.jpg,51,4,C:\Users\172634\projects\Pipe Counter New\pipe-center-counter-poc\runs\field_predictions\0265_pipe_20230626_id_142394_1687759564368_jpeg_jpg.rf.cf9d1f93ff529b5bf29f68306d6e3208_count_51.jpg
C:\Users\172634\projects\Pipe Counter New\pipe-datasets\1_firts_train.v2-v2.coco\test\pipe_20230626_id_142394_1687765025900_jpeg_jpg.rf.52324d142c9394f8d9c1055e5a481de0.jpg,100,12,C:\Users\172634\projects\Pipe Counter New\pipe-center-counter-poc\runs\field_predictions\0266_pipe_20230626_id_142394_1687765025900_jpeg_jpg.rf.52324d142c9394f8d9c1055e5a481de0_count_100.jpg
C:\Users\172634\projects\Pipe Counter New\pipe-datasets\1_firts_train.v2-v2.coco\test\pipe_20230626_id_167524_1687753000187_jpeg_jpg.rf.6a1dbe900edba9eddd6c401445ca4844.jpg,107,23,C:\Users\172634\projects\Pipe Counter New\pipe-center-counter-poc\runs\field_predictions\0267_pipe_20230626_id_167524_1687753000187_jpeg_jpg.rf.6a1dbe900edba9eddd6c401445ca4844_count_107.jpg
C:\Users\172634\projects\Pipe Counter New\pipe-datasets\1_firts_train.v2-v2.coco\test\pipe_20230627_id_142394_1687818966695_jpeg_jpg.rf.9e535d5405808e1ecfc4666ce7505813.jpg,94,5,C:\Users\172634\projects\Pipe Counter New\pipe-center-counter-poc\runs\field_predictions\0268_pipe_20230627_id_142394_1687818966695_jpeg_jpg.rf.9e535d5405808e1ecfc4666ce7505813_count_94.jpg
C:\Users\172634\projects\Pipe Counter New\pipe-datasets\1_firts_train.v2-v2.coco\test\pipe_20230627_id_169214_1687828037068_jpeg_jpg.rf.dde9e0ab5a1f842fb4472292b50d5eea.jpg,98,6,C:\Users\172634\projects\Pipe Counter New\pipe-center-counter-poc\runs\field_predictions\0269_pipe_20230627_id_169214_1687828037068_jpeg_jpg.rf.dde9e0ab5a1f842fb4472292b50d5eea_count_98.jpg
C:\Users\172634\projects\Pipe Counter New\pipe-datasets\1_firts_train.v2-v2.coco\test\pipe_20230628_id_169214_1687906988050_jpeg_jpg.rf.1c150be486a6ba3c56b30b48894ac5e8.jpg,91,7,C:\Users\172634\projects\Pipe Counter New\pipe-center-counter-poc\runs\field_predictions\0270_pipe_20230628_id_169214_1687906988050_jpeg_jpg.rf.1c150be486a6ba3c56b30b48894ac5e8_count_91.jpg
C:\Users\172634\projects\Pipe Counter New\pipe-datasets\1_firts_train.v2-v2.coco\test\pipe_20230628_id_170789_1687921603311_jpeg_jpg.rf.0355cbe2280cffe7c86f5a0b1742da7f.jpg,91,0,C:\Users\172634\projects\Pipe Counter New\pipe-center-counter-poc\runs\field_predictions\0271_pipe_20230628_id_170789_1687921603311_jpeg_jpg.rf.0355cbe2280cffe7c86f5a0b1742da7f_count_91.jpg
C:\Users\172634\projects\Pipe Counter New\pipe-datasets\1_firts_train.v2-v2.coco\test\pipe_20230629_id_135854_1687995329305_jpeg_jpg.rf.46908e45b2991a212c29053e6f82e1e8.jpg,96,9,C:\Users\172634\projects\Pipe Counter New\pipe-center-counter-poc\runs\field_predictions\0272_pipe_20230629_id_135854_1687995329305_jpeg_jpg.rf.46908e45b2991a212c29053e6f82e1e8_count_96.jpg
C:\Users\172634\projects\Pipe Counter New\pipe-datasets\1_firts_train.v2-v2.coco\test\pipe_20230629_id_47641_1688018019479_jpeg_jpg.rf.6eeb9e56d88b2e94e1ed9f9a68d550ba.jpg,211,46,C:\Users\172634\projects\Pipe Counter New\pipe-center-counter-poc\runs\field_predictions\0273_pipe_20230629_id_47641_1688018019479_jpeg_jpg.rf.6eeb9e56d88b2e94e1ed9f9a68d550ba_count_211.jpg
C:\Users\172634\projects\Pipe Counter New\pipe-datasets\1_firts_train.v2-v2.coco\test\pipe_r_13_jpeg_jpg.rf.e9efc60aa920ab680cf0003e605c6ae5.jpg,21,2,C:\Users\172634\projects\Pipe Counter New\pipe-center-counter-poc\runs\field_predictions\0274_pipe_r_13_jpeg_jpg.rf.e9efc60aa920ab680cf0003e605c6ae5_count_21.jpg
C:\Users\172634\projects\Pipe Counter New\pipe-datasets\1_firts_train.v2-v2.coco\test\pipe_r_4_jpeg_jpg.rf.8a5c628a366b10c79a2f11ea45a096e2.jpg,108,13,C:\Users\172634\projects\Pipe Counter New\pipe-center-counter-poc\runs\field_predictions\0275_pipe_r_4_jpeg_jpg.rf.8a5c628a366b10c79a2f11ea45a096e2_count_108.jpg
C:\Users\172634\projects\Pipe Counter New\pipe-datasets\1_firts_train.v2-v2.coco\test\pipe_r_7_jpeg_jpg.rf.1606d2536c1fecffefad3c31904d0adf.jpg,30,4,C:\Users\172634\projects\Pipe Counter New\pipe-center-counter-poc\runs\field_predictions\0276_pipe_r_7_jpeg_jpg.rf.1606d2536c1fecffefad3c31904d0adf_count_30.jpg
C:\Users\172634\projects\Pipe Counter New\pipe-datasets\1_firts_train.v2-v2.coco\test\pipes-24293176_jpg.rf.573e8f368c4f577867e45651374c2e2b.jpg,42,3,C:\Users\172634\projects\Pipe Counter New\pipe-center-counter-poc\runs\field_predictions\0277_pipes-24293176_jpg.rf.573e8f368c4f577867e45651374c2e2b_count_42.jpg
C:\Users\172634\projects\Pipe Counter New\pipe-datasets\1_firts_train.v2-v2.coco\test\pipes-26366131_jpg.rf.f943366a4562f25538728aae9df0e817.jpg,23,3,C:\Users\172634\projects\Pipe Counter New\pipe-center-counter-poc\runs\field_predictions\0278_pipes-26366131_jpg.rf.f943366a4562f25538728aae9df0e817_count_23.jpg
C:\Users\172634\projects\Pipe Counter New\pipe-datasets\1_firts_train.v2-v2.coco\test\pipes-heap-pvc-stacked-construction-site-near-brick-wall-61533340_jpg.rf.425dfe8e19367b74133f0c65dc27e942.jpg,30,5,C:\Users\172634\projects\Pipe Counter New\pipe-center-counter-poc\runs\field_predictions\0279_pipes-heap-pvc-stacked-construction-site-near-brick-wall-61533340_jpg.rf.425dfe8e19367b74133f0c65dc27e942_count_30.jpg
C:\Users\172634\projects\Pipe Counter New\pipe-datasets\1_firts_train.v2-v2.coco\test\pipes-pvc-large-diameter-pipes-pvc-large-diameter-prepared-laying-construction-site-103634507_jpg.rf.fc872b9af6dcc7186431d6ab527fac7c.jpg,157,16,C:\Users\172634\projects\Pipe Counter New\pipe-center-counter-poc\runs\field_predictions\0280_pipes-pvc-large-diameter-pipes-pvc-large-diameter-prepared-laying-construction-site-103634507_jpg.rf.fc872b9af6dcc7186431d6ab527fac7c_count_157.jpg
C:\Users\172634\projects\Pipe Counter New\pipe-datasets\1_firts_train.v2-v2.coco\test\Pipes_1_237f762303-_jpg.rf.8992303165be7e3f7078de29d5d1b827.jpg,31,1,C:\Users\172634\projects\Pipe Counter New\pipe-center-counter-poc\runs\field_predictions\0281_Pipes_1_237f762303-_jpg.rf.8992303165be7e3f7078de29d5d1b827_count_31.jpg
C:\Users\172634\projects\Pipe Counter New\pipe-datasets\1_firts_train.v2-v2.coco\test\Pipes_1_8880b1e03a6_jpg.rf.c9c7113dac28b0d63250da6e0643f669.jpg,97,14,C:\Users\172634\projects\Pipe Counter New\pipe-center-counter-poc\runs\field_predictions\0282_Pipes_1_8880b1e03a6_jpg.rf.c9c7113dac28b0d63250da6e0643f669_count_97.jpg
C:\Users\172634\projects\Pipe Counter New\pipe-datasets\1_firts_train.v2-v2.coco\test\Pipes_1_Flq6zBpVXaY_jpg.rf.0d8317e9b0448f89a6e4ecf931e56316.jpg,24,0,C:\Users\172634\projects\Pipe Counter New\pipe-center-counter-poc\runs\field_predictions\0283_Pipes_1_Flq6zBpVXaY_jpg.rf.0d8317e9b0448f89a6e4ecf931e56316_count_24.jpg
C:\Users\172634\projects\Pipe Counter New\pipe-datasets\1_firts_train.v2-v2.coco\test\plastic-pipes-yellow-full-frame-35756438_jpg.rf.629c1979ee291852e03d71bc0cde80e2.jpg,101,44,C:\Users\172634\projects\Pipe Counter New\pipe-center-counter-poc\runs\field_predictions\0284_plastic-pipes-yellow-full-frame-35756438_jpg.rf.629c1979ee291852e03d71bc0cde80e2_count_101.jpg
C:\Users\172634\projects\Pipe Counter New\pipe-datasets\1_firts_train.v2-v2.coco\test\polyethylene-drainage-pipes-construction-site-pile-polyethylene-drainage-pipes-construction-site-232775232_jpg.rf.2dc2c04c40ad828760ee2b9dcb8ac635.jpg,12,6,C:\Users\172634\projects\Pipe Counter New\pipe-center-counter-poc\runs\field_predictions\0285_polyethylene-drainage-pipes-construction-site-pile-polyethylene-drainage-pipes-construction-site-232775232_jpg.rf.2dc2c04c40ad828760ee2b9dcb8ac635_count_12.jpg
C:\Users\172634\projects\Pipe Counter New\pipe-datasets\1_firts_train.v2-v2.coco\test\pvc-pipes-22576120_jpg.rf.6441340f3fc532a8b6c245f3c9598fb4.jpg,24,0,C:\Users\172634\projects\Pipe Counter New\pipe-center-counter-poc\runs\field_predictions\0286_pvc-pipes-22576120_jpg.rf.6441340f3fc532a8b6c245f3c9598fb4_count_24.jpg
C:\Users\172634\projects\Pipe Counter New\pipe-datasets\1_firts_train.v2-v2.coco\test\pvc-pipes-500x500_jpg.rf.47260c895a151597e79107e85d2d5d4a.jpg,21,1,C:\Users\172634\projects\Pipe Counter New\pipe-center-counter-poc\runs\field_predictions\0287_pvc-pipes-500x500_jpg.rf.47260c895a151597e79107e85d2d5d4a_count_21.jpg
C:\Users\172634\projects\Pipe Counter New\pipe-datasets\1_firts_train.v2-v2.coco\test\pvc-pipes-bunches-pipe-sitting-palets-wholesale-pipe-store-57444753_jpg.rf.5933dc92da3515adbe593c5339fbd162.jpg,50,1,C:\Users\172634\projects\Pipe Counter New\pipe-center-counter-poc\runs\field_predictions\0288_pvc-pipes-bunches-pipe-sitting-palets-wholesale-pipe-store-57444753_jpg.rf.5933dc92da3515adbe593c5339fbd162_count_50.jpg
C:\Users\172634\projects\Pipe Counter New\pipe-datasets\1_firts_train.v2-v2.coco\test\pvc-pipes-two-colors-construction-site-74886707_jpg.rf.3351f97a37de370ffdddb15a5a233b27.jpg,11,2,C:\Users\172634\projects\Pipe Counter New\pipe-center-counter-poc\runs\field_predictions\0289_pvc-pipes-two-colors-construction-site-74886707_jpg.rf.3351f97a37de370ffdddb15a5a233b27_count_11.jpg
C:\Users\172634\projects\Pipe Counter New\pipe-datasets\1_firts_train.v2-v2.coco\test\pvc-tubes-used-construction-industry-31841041_jpg.rf.35bec01bccd07f725fd13951d48a7946.jpg,30,10,C:\Users\172634\projects\Pipe Counter New\pipe-center-counter-poc\runs\field_predictions\0290_pvc-tubes-used-construction-industry-31841041_jpg.rf.35bec01bccd07f725fd13951d48a7946_count_30.jpg
C:\Users\172634\projects\Pipe Counter New\pipe-datasets\1_firts_train.v2-v2.coco\test\red-plastic-pipes-large-diameter-laying-protecting-electrical-cable-underground-lot-close-up-end-view-157008261_jpg.rf.c4d06405255bcc36facdbe39e47d707f.jpg,28,8,C:\Users\172634\projects\Pipe Counter New\pipe-center-counter-poc\runs\field_predictions\0291_red-plastic-pipes-large-diameter-laying-protecting-electrical-cable-underground-lot-close-up-end-view-157008261_jpg.rf.c4d06405255bcc36facdbe39e47d707f_count_28.jpg
C:\Users\172634\projects\Pipe Counter New\pipe-datasets\1_firts_train.v2-v2.coco\test\rigid-pvc-pipes-500x500_jpg.rf.813e664e77fbc7f180735c1bdd459ac2.jpg,182,32,C:\Users\172634\projects\Pipe Counter New\pipe-center-counter-poc\runs\field_predictions\0292_rigid-pvc-pipes-500x500_jpg.rf.813e664e77fbc7f180735c1bdd459ac2_count_182.jpg
C:\Users\172634\projects\Pipe Counter New\pipe-datasets\1_firts_train.v2-v2.coco\test\SAIL-Pipes_jpg.rf.878583cd302e587db8e2e47515712e57.jpg,65,34,C:\Users\172634\projects\Pipe Counter New\pipe-center-counter-poc\runs\field_predictions\0293_SAIL-Pipes_jpg.rf.878583cd302e587db8e2e47515712e57_count_65.jpg
C:\Users\172634\projects\Pipe Counter New\pipe-datasets\1_firts_train.v2-v2.coco\test\stack-blue-pvc-pipe-front-600w-1458932513_jpg.rf.bc4621edf2ef432f953bbacf090015db.jpg,21,0,C:\Users\172634\projects\Pipe Counter New\pipe-center-counter-poc\runs\field_predictions\0294_stack-blue-pvc-pipe-front-600w-1458932513_jpg.rf.bc4621edf2ef432f953bbacf090015db_count_21.jpg
C:\Users\172634\projects\Pipe Counter New\pipe-datasets\1_firts_train.v2-v2.coco\test\stacks-blue-circle-pipes-hollow-close-up-133924884_jpg.rf.86886df68205547e841e045b1e88c5fd.jpg,140,27,C:\Users\172634\projects\Pipe Counter New\pipe-center-counter-poc\runs\field_predictions\0295_stacks-blue-circle-pipes-hollow-close-up-133924884_jpg.rf.86886df68205547e841e045b1e88c5fd_count_140.jpg
C:\Users\172634\projects\Pipe Counter New\pipe-datasets\1_firts_train.v2-v2.coco\test\stacks-pvc-pipes-construction-site-selective-focus-49772931_jpg.rf.8aedca670afb851b92021bfb533184d4.jpg,7,1,C:\Users\172634\projects\Pipe Counter New\pipe-center-counter-poc\runs\field_predictions\0296_stacks-pvc-pipes-construction-site-selective-focus-49772931_jpg.rf.8aedca670afb851b92021bfb533184d4_count_7.jpg
C:\Users\172634\projects\Pipe Counter New\pipe-datasets\1_firts_train.v2-v2.coco\test\steel-pipes-front-view-2-14039802_jpg.rf.2fb2a63d6a8cf891d760dcb2dbfe80d1.jpg,15,0,C:\Users\172634\projects\Pipe Counter New\pipe-center-counter-poc\runs\field_predictions\0297_steel-pipes-front-view-2-14039802_jpg.rf.2fb2a63d6a8cf891d760dcb2dbfe80d1_count_15.jpg
C:\Users\172634\projects\Pipe Counter New\pipe-datasets\1_firts_train.v2-v2.coco\test\t-12h18n10t_jpg.rf.01280fcb0b914a93e4c3e69b9a90edcd.jpg,20,1,C:\Users\172634\projects\Pipe Counter New\pipe-center-counter-poc\runs\field_predictions\0298_t-12h18n10t_jpg.rf.01280fcb0b914a93e4c3e69b9a90edcd_count_20.jpg
C:\Users\172634\projects\Pipe Counter New\pipe-datasets\1_firts_train.v2-v2.coco\test\test_021_jpg.rf.7070fb6d25074879ae14f6b15d63af87.jpg,1,0,C:\Users\172634\projects\Pipe Counter New\pipe-center-counter-poc\runs\field_predictions\0299_test_021_jpg.rf.7070fb6d25074879ae14f6b15d63af87_count_1.jpg
C:\Users\172634\projects\Pipe Counter New\pipe-datasets\1_firts_train.v2-v2.coco\test\there-wide-range-sizes-thicknesses-colors-addition-novel-type-pipeline-has-entered-scene-recent-years-flexible-104782382_jpg.rf.0316da681c6e8fbe0c037c1994b7ebde.jpg,92,17,C:\Users\172634\projects\Pipe Counter New\pipe-center-counter-poc\runs\field_predictions\0300_there-wide-range-sizes-thicknesses-colors-addition-novel-type-pipeline-has-entered-scene-recent-years-flexible-104782382_jpg.rf.0316da681c6e8fbe0c037c1994b7ebde_count_92.jpg
C:\Users\172634\projects\Pipe Counter New\pipe-datasets\1_firts_train.v2-v2.coco\test\Types-of-PVC-Pipes-Fenwick-Website-Photo_jpg.rf.c58a8ad477f989bb48dfb39e53be4d61.jpg,25,17,C:\Users\172634\projects\Pipe Counter New\pipe-center-counter-poc\runs\field_predictions\0301_Types-of-PVC-Pipes-Fenwick-Website-Photo_jpg.rf.c58a8ad477f989bb48dfb39e53be4d61_count_25.jpg
C:\Users\172634\projects\Pipe Counter New\pipe-datasets\1_firts_train.v2-v2.coco\test\underground-orange-plastic-pipes-stack-construction-site-44599204_jpg.rf.027a1dab6c05660f1a06b9f642b87861.jpg,17,5,C:\Users\172634\projects\Pipe Counter New\pipe-center-counter-poc\runs\field_predictions\0302_underground-orange-plastic-pipes-stack-construction-site-44599204_jpg.rf.027a1dab6c05660f1a06b9f642b87861_count_17.jpg
